Neuteich;Angela;1000;2001
Gobolewska;Œcibora;999;2001
Jajte;Wiwanna;998;2001
Dediñska;Pêcis³awa;997;2001
Chikusek;Karina;996;2001
Wo¿niszczuk;Lucylla;995;2001
Behrensdorf;Hipolita;994;2001
Lettkowski;Adriana;993;2001
Helfrycz;Ligia;992;2001
Nadbrze¿na;Boguwola;991;2001
Barkas;Marcelina;990;2001
Warchow;Sonia;989;2001
Jêdrzeszczak;Natasza;988;2001
Kmiñ;Mi³a;987;2001
Dra¿an;Szczêsna;986;2001
Kuschek;Ilza;985;2001
Szolnoki;Kamila;984;2001
Serowa;Lolita;983;2001
Burnaj;Melania;982;2001
Szmigiero;Eufemia;981;2001
Ripel;Radomi³a;980;2001
Tarszakiewicz;Gerarda;979;2001
Dertecka;Dobromi³a;978;2001
Marylkiewicz;Gryzelda;977;2001
Pacuszkie;Teofila;976;2001
Sewostjanik;Ksymena;975;2001
Tymuszkin;Wanda;974;2001
P³ocidym;Manfreda;973;2001
Go³ebski;Mina;972;2001
Curo³;Angelina;971;2001
Kozimor-Ledochowska;Gizela;970;2001
Jaseniak;Alina;969;2001
Sobalski;Klaudia;968;2001
Matauszek;Cyntia;967;2001
Krasielewicz;Trzebis³awa;966;2001
Gumu³a;Cyntia;965;2001
Postu³;Larysa;964;2001
Drzak;Dezyderia;963;2001
Powaserys;Bernardyna;962;2001
Mendelka;Fryderyka;961;2001
Matylianes;Jurata;960;2001
Do³gusz;Bryda;959;2001
Boryka³a;Bo¿ena;958;2001
Cybu³ko;Saba;957;2001
¯ygewiec;Œwiêtomira;956;2001
Doll;Ernestyna;955;2001
Szuicer;Waleriana;954;2001
Bizin;Budzis³awa;953;2001
Staigl;Benita;952;2001
Deniczyk;Danuta;951;2001
Habain;Amelia;950;2001
Tasel;Kaliksta;949;2001
Majstrek;Izyda;948;2001
Legiejko;Ita;947;2001
Krokoczyñski;Ksawera;946;2001
Magierle;Eryka;945;2001
Kiegel;Daniela;944;2001
Sperro;Marcela;943;2001
Gwózd¿;Ingrid;942;2001
Winogradowa;Teofila;941;2001
Hrysztofik;Sybilla;940;2001
Nowakiñska;Eudoksja;939;2001
Scis³aw;Aurela;938;2001
Newogiñski;Olimpia;937;2001
Koscik;Toma;936;2001
Wiera¿ka;Jeros³awa;935;2001
Gawrylczak;Malwina;934;2001
Racznik;Feliksa;933;2001
Miêkós;Dobis³awa;932;2001
Ba¿ak;Konstancja;931;2001
Gieruzel;Zula;930;2001
¯adarko;Wis³awa;929;2001
Iliczka;Dobroniega;928;2001
Wascher;Dobros³awa;927;2001
ProŸ;Cieszys³awa;926;2001
Olbrys;Margot;925;2001
Bartasz;Erwina;924;2001
Mirinkiewicz;Mieczys³awa;923;2001
Chodynke;Warwara;922;2001
Cejfik;Klotylda;921;2001
Wiliñczyk;Jakobina;920;2001
Fodeñski;Wszemi³a;919;2001
Samofa³;Klementyna;918;2001
Todos;Ludwina;917;2001
Semiuszko;Benigna;916;2001
Solenic;Galla;915;2001
Piskor¿;Józefina;914;2001
Gowalla;Klementyna;913;2001
Magolan;Bo¿ys³awa;912;2001
Piliwska;Liliana;911;2001
Tymborowski;Gra¿yna;910;2001
Duszeñko;Krzysztofa;909;2001
Berlak;Ariadna;908;2001
Kosiata;Ariela;907;2001
Strzaba³a;Klarysa;906;2001
Matarz;Eliza;905;2001
Schobiñska;Rozanna;904;2001
Niemcy;Dobies³awa;903;2001
Sepeto;Eugenia;902;2001
Œmidrowicz;Cezaryna;901;2001
Josiecki;Laura;900;2001
Gitek;Ilza;899;2001
Ga³¹zko;Kamilla;898;2001
Reszpant;Cezaryna;897;2001
Wirchanowski;Szarlota;896;2001
Szczottok;Ida;895;2001
Szpinger;Nina;894;2001
Ciachowski;Ofelia;893;2001
Hawry³ek;Modesta;892;2001
Schuller;Sybilla;891;2001
Bielarczyk;Juda;890;2001
Swirzyñski;Adela;889;2001
Grajek;Bronis³awa;888;2001
Mrozielski;Ariadna;887;2001
Œlendak;Filipina;886;2001
Wyszkon;Dzier¿ys³awa;885;2001
Parketna;Berenika;884;2001
Materna;Dezyderia;883;2001
Przondo;Kira;882;2001
BrzoŸ;Mi³os³awa;881;2001
Heitz;Godzis³awa;880;2001
Lamkiewicz;Sulimiera;879;2001
Drisen;Izyda;878;2001
Pryluk;Magdalena;877;2001
Beymo;Georgia;876;2001
Bomas;Aida;875;2001
Strzepski;Filomena;874;2001
Potrawek;Aida;873;2001
Niemoj;Kleopatra;872;2001
Wi³a;Dobromira;871;2001
Œwat;Jagna;870;2001
Flemming;Bernadetta;869;2001
Szynkiewski;Pola;868;2001
Puderska;Kamelia;867;2001
Stojka;Melania;866;2001
Hamuczuk;Siecies³awa;865;2001
Gogoñ;£ucja;864;2001
Lebiediew;Domis³awa;863;2001
Mintek;Wac³awa;862;2001
Waloszek;Brygida;861;2001
Bia³ocierkiewka;Ilza;860;2001
Roskal;Lubosza;859;2001
Kostow;Paulina;858;2001
Puzyrko;Petronela;857;2001
Berlenska;Wirginia;856;2001
Homeniuk;Wincentyna;855;2001
Talaczek;¯anna;854;2001
Tu³odowicz;Aleksandra;853;2001
Kiekiela;Minodora;852;2001
Sa³monowicz;Helena;851;2001
Holicner;Innocenta;850;2001
Czupa³a;Cezaryna;849;2001
Plachetta;Ariadna;848;2001
Cyc;Oriana;847;2001
Sterla;Edmunda;846;2001
Hanuszkiewicz;Fortunata;845;2001
Humieniuk;Jolanta;844;2001
Buba³³o;Liza;843;2001
Hesink;Odilla;842;2001
Promiczak;Joachima;841;2001
Waschelewski;Eleonora;840;2001
Szêszot;Diana;839;2001
Lemesz;Symforiana;838;2001
Kirszen;Olga;837;2001
Œliwosz;Emilia;836;2001
Ziemniarski;Wanda;835;2001
Sniegorska;Przybys³awa;834;2001
Wiclim;Marlena;833;2001
Hageman;Ulryka;832;2001
Fang;Blandyna;831;2001
Kuentzler;Weronika;830;2001
Kopytczañska;Mariola;829;2001
Buradczuk;Adriana;828;2001
Mosokiewicz;Teodozja;827;2001
Skowierska;Liliana;826;2001
Gnietecki;Tamara;825;2001
Krysztapiuk;Leonarda;824;2001
Kierdielewicz;Rachela;823;2001
Bombosz;Kallina;822;2001
£apan;Felicjana;821;2001
Bakker;Rudolfina;820;2001
Burker;Saba;819;2001
Erlingowski;Julia;818;2001
Kierejewski;Ismena;817;2001
Giœlinda;Ingrid;816;2001
Matwieszyn;Joachima;815;2001
Halesz;Eligia;814;2001
Klubko;Alfonsyna;813;2001
Owa¿ana;Bêdzis³awa;812;2001
Baslaga;Tomis³awa;811;2001
Unuchowski;Kryspina;810;2001
Wawroñ;Emiliana;809;2001
Edna;Klara;808;2001
Miêkisz;Boguchwa³a;807;2001
Bo³cz;Diana;806;2001
Szibelska;Ksenia;805;2001
Kryknicka;Przybys³awa;804;2001
Ryt;Nikita;803;2001
G³ombiñski;Eulalia;802;2001
Gancewski;Dobies³awa;801;2001
Bonter;Leonarda;800;2001
Filusch;Henryka;799;2001
Nastainczyk;Zula;798;2001
Naziemkowski;Radomi³a;797;2001
Werdenowski;Marina;796;2001
Abelak;Aleksandra;795;2001
Fytter;Wanda;794;2001
Musiej;Geraldyna;793;2001
Daczów;Izabela;792;2001
Toballa;Milenia;791;2001
Ustymczuk;Ingrid;790;2001
S³odwiñski;Nadia;789;2001
Budnikiewicz;Sulimiera;788;2001
Petraszkiewicz;Prakseda;787;2001
Szymoniek;Swiet³ana;786;2001
Nisiobêcki;Mi³a;785;2001
Kuœmienik;Julianna;784;2001
Jurenberg;Krzysztofa;783;2001
Turemski;Georgina;782;2001
Czyznacka;Kaja;781;2001
Koszarewski;Heloiza;780;2001
Wircz;Hermina;779;2001
Horna;Liwia;778;2001
Ahejczyk;Mirella;777;2001
Ganin;Cezaryna;776;2001
Pietrzaszewski;Wilhelmina;775;2001
Georgiczuk;Lolita;774;2001
¯agulak;Stefania;773;2001
Kosztubajda;Manuela;772;2001
Boreñ;Wszemi³a;771;2001
Szamrak;Ciechos³awa;770;2001
Giotka;Narcyza;769;2001
Pio³ka;Izabella;768;2001
Dro¿dzio³;Lukrecja;767;2001
Jakubiaczyk;Cyriaka;766;2001
Salaser;Dagna;765;2001
Nachacz;Rachela;764;2001
Di³owska;Lucja;763;2001
Fraatz;Lucylla;762;2001
Sza³koplast;Jakobina;761;2001
Saldzwedl;Adriana;760;2001
Stróziñski;Norberta;759;2001
Szczeciniak;Bronis³awa;758;2001
Mas³onik;Gracjana;757;2001
Bernadetta;Isaura;756;2001
Krezymon;Atanazja;755;2001
Stermlewska;Domos³awa;754;2001
Furmanczak;Milena;753;2001
Nowodworski;Œwiêtochna;752;2001
Gigielis;Emiliana;751;2001
Fibak;Bernadeta;750;2001
Ga³u¿ka;Maryla;749;2001
Nincer;Dobromi³a;748;2001
Pniewski;Januaria;747;2001
Kallenberger;Dobies³awa;746;2001
Gr¹bowiec;Wies³awa;745;2001
Gie¿ak;Georgina;744;2001
Dawoudi;Beatrice;743;2001
Mirzyñski;Feliksa;742;2001
Pietreszczuk;¯egota;741;2001
Nastek;Georgina;740;2001
Nink;Ksymena;739;2001
Zab³uda;Edwarda;738;2001
Kuchaj;Oriana;737;2001
Lucendarski;Nimfa;736;2001
Zarolska;Oriana;735;2001
Falana;Maria Magdalena;734;2001
£ugowaja;Kamelia;733;2001
Micinowski;Dalida;732;2001
Tamberg;Boguwola;731;2001
Kartynicz;Diana;730;2001
Semeracka;Leonida;729;2001
B³a¿kowski;Anna;728;2001
Began;Pola;727;2001
Koby³³o;Carmen;726;2001
Dom¿a³³;Alojza;725;2001
Ristan;Magdalena;724;2001
Kohutow;Kira;723;2001
Ginela;Jarema;722;2001
Rozporski;Czes³awa;721;2001
Mucius;Samanta;720;2001
Bodziszewski;Klementyna;719;2001
Jasionowicz;Emiliana;718;2001
Szozerbowska;Cezaryna;717;2001
Ko¿ba;Leonarda;716;2001
Tymkiw;Sandra;715;2001
Ruszelak;Gracjana;714;2001
Prysz³o;Izabela;713;2001
Natola;Feliksa;712;2001
Brzastowski;Sêdzis³awa;711;2001
Motaczyñski;Wis³awa;710;2001
Sopora;Genowefa;709;2001
Ratyñczuk;Minodora;708;2001
Knyssok;Walentyna;707;2001
Klinkauer;Bêdzis³awa;706;2001
Sedzikowski;Demetria;705;2001
Sawzdarga;Berta;704;2001
Nierzbicki;Gryzelda;703;2001
Hraber;Pola;702;2001
Kilijanek;Ilza;701;2001
Piecz¹tkowski;Mi³os³awa;700;2001
Grejm;Klara;699;2001
Koza;Abigail;698;2001
Marysiewski;Zygfryda;697;2001
Szwagirczyk;Iwetta;696;2001
Kêdzielawa;Petronela;695;2001
Mojzess;Sonia;694;2001
Bata¿yk;Rozyna;693;2001
Wujaœtyk;¯alina;692;2001
Oleniecz;Minodora;691;2001
Wuszko;Ifigenia;690;2001
Rospenda;Ludwina;689;2001
Kornakiewicz;Sêdzis³awa;688;2001
Zagorodnikow;Agnieszka;687;2001
Wichtel;Gracjana;686;2001
Wajnburg;Justyna;685;2001
Siegers;Dobros³awa;684;2001
Stremed³owska;Materna;683;2001
Krokusz;Koleta;682;2001
Kiuska;Epifania;681;2001
Pe³czewski;Boñcza;680;2001
Grudziak;Hiacynta;679;2001
Margoñ;Malwina;678;2001
Wielengowski;Henryka;677;2001
Polanica;Toma;676;2001
Szpaderski;Adolfina;675;2001
Cieslinski;Placydia;674;2001
£apañski;Renata;673;2001
Zerek;Sawa;672;2001
Smorul;Marzena;671;2001
Bycio;Mi³a;670;2001
Lichwa³;Benita;669;2001
Gaducewicz;Irmina;668;2001
Weniewski;Stronis³awa;667;2001
Krzebel;Przybys³awa;666;2001
Waluszyñski;Saturnina;665;2001
Sznapka;Flora;664;2001
Riszczyk;Domos³awa;663;2001
Iwolska;Honorata;662;2001
Ilecki;Boguta;661;2001
Hoinka;Modesta;660;2001
Gêœkowska;Daria;659;2001
Karasiewski;S³awomira;658;2001
Otuliñski;Bohdana;657;2001
Hreczak;Eunika;656;2001
Œwierski;Felicyta;655;2001
Pichnasta;Zdzis³awa;654;2001
Hemka;Celestyna;653;2001
KaŸmierz;Witos³awa;652;2001
Korbecki;Dobrawa;651;2001
Fesyk;Zelmira;650;2001
Tatczak;Jadwiga;649;2001
Panewa;Witos³awa;648;2001
Asensky;Pryska;647;2001
Splesnia³y;Mindora;646;2001
Œciura;Edda;645;2001
Szweykowski;Eufemia;644;2001
DoŸdzik;Lechos³awa;643;2001
Dopadko;Oliwia;642;2001
Domitra;Cezaryna;641;2001
Tobrucki;Pamela;640;2001
Tolkmitt;Kordula;639;2001
Ba³zy;Gaudencja;638;2001
Chyzak;Maura;637;2001
Grêdysa;Liliana;636;2001
Sobur;Oswalda;635;2001
Altstadt;Przybys³awa;634;2001
Erikssen;Julietta;633;2001
Tabórz;Arletta;632;2001
Relle;Ró¿a;631;2001
Pychatka;Manuela;630;2001
Tyks;Drogos³awa;629;2001
Bi³awiecka;Serafina;628;2001
Jackuwicz;Augustyna;627;2001
Schmottermeier;Wilma;626;2001
Tahla;Agata;625;2001
Br¹blec;Tacjana;624;2001
Badtke;Witolda;623;2001
Czwasz;Dagna;622;2001
Przystañski;Sulimiera;621;2001
Zaskarzewska;Mina;620;2001
Kucima;Olimpia;619;2001
Repichowska;Imis³awa;618;2001
Remliger;Bo¿ena;617;2001
Moczar-Demko;Antonina;616;2001
Smutkowski;Nora;615;2001
Faryszewski;Ludwika;614;2001
Wallner;Fausta;613;2001
Dawczuk;Ewelina;612;2001
Gutterdz;Sonia;611;2001
Uzdarski;Kamilla;610;2001
Teleszyñski;Kosma;609;2001
Gudell;Zenona;608;2001
Wandor;Liza;607;2001
Jendraszczyk;Matylda;606;2001
Foremniok;Wirginia;605;2001
Huñczyk;Adelina;604;2001
Keplinger;Koleta;603;2001
Ziembowicz;Seweryna;602;2001
Zygud;Odilla;601;2001
Anteczek;Telimena;600;2001
Karpieszuk;D¹brówka;599;2001
Turelik;Idalia;598;2001
¯abuñko;Leopolda;597;2001
Parada;Goœcis³awa;596;2001
Hejmyk;Marcela;595;2001
Soukar;Atanazja;594;2001
Oblañczyk;Sylwana;593;2001
Szmilska;Dobis³awa;592;2001
Bó³kowski;Franciszka;591;2001
Bolkiewicz;Irena;590;2001
Podsiadko;Kwiryna;589;2001
Piecak;Nimfa;588;2001
Cocek;Sewera;587;2001
Nelczarski;Leonarda;586;2001
Kroman;Edmunda;585;2001
Stramiec;Dzier¿ys³awa;584;2001
Mielcuch;Elwira;583;2001
Nagas;Sawa;582;2001
Kundrman;Wyszes³awa;581;2001
Wystel;¯aneta;580;2001
DrzeŸdzion;Jewdocha;579;2001
Harmaziñski;Milena;578;2001
Kuœciñski;Krzesis³awa;577;2001
Chrubasiak;Dianna;576;2001
Kopcio³;Antonina;575;2001
Kupicel;Feliksa;574;2001
Pingwarski;Boguwola;573;2001
Pietruczny;Biruta;572;2001
Gragorkiewicz;Fabia;571;2001
Katka;Nora;570;2001
Cybo;Wyszeniega;569;2001
Kuryszczak;Wierzchos³awa;568;2001
Czerniej;Hiacynta;567;2001
Ismai³ow;Ramona;566;2001
Menszek;Ifigenia;565;2001
Pestek;Malina;564;2001
Zakoniecka;Hortensja;563;2001
Urlych;Alicja;562;2001
Plegza;Tomis³awa;561;2001
Drygalewicz;Benedykta;560;2001
Drozdziuk;Alojza;559;2001
Budnow;Stefania;558;2001
Schmitko;Gardenia;557;2001
Dubiak;Honoryna;556;2001
Celing;Eleonora;555;2001
Karwi;Leonida;554;2001
Bowski;Szarlota;553;2001
Kazmirek;Alberta;552;2001
Kir;Lucjola;551;2001
Mika³szewicz;Szczêsna;550;2001
Galiak;Liwia;549;2001
Ekald;Modesta;548;2001
Kosztewicz;Adela;547;2001
Luciniec;Kwiatos³awa;546;2001
Sienczewski;Roma;545;2001
Lustig-Adamowski;Bogumi³a;544;2001
Ga³uszczyñski;Dianna;543;2001
Z³ociñski;Waleriana;542;2001
Gr¹dkiewicz;Raissa;541;2001
Lipigurski;Filomena;540;2001
Jandziñski;Teodora;539;2001
Pasiowski;Domis³awa;538;2001
Keil;Laurencja;537;2001
Siostrzanek;Hermenia;536;2001
Parzysiek;Gracjana;535;2001
Diczuk;Dagna;534;2001
Kiæ;Eliza;533;2001
Berneker;Carmen;532;2001
Szczender;Liwia;531;2001
Celejewski;Adria;530;2001
Takiela;Flawia;529;2001
Kurlenda;Hilaria;528;2001
Grzegorzyk;Grzymis³awa;527;2001
Dogowska;Ksawera;526;2001
Grzeguszko;Koleta;525;2001
Zianiuk;Januaria;524;2001
Glejtkowa;Leonida;523;2001
Miedniok;Gardenia;522;2001
Eisenmenger;Albertyna;521;2001
Thodos;Bernardeta;520;2001
Petrikowski;Kleopatra;519;2001
K¹cki;Saba;518;2001
G¹œ;Bernadeta;517;2001
Habraniec;Daria;516;2001
Znajda;Fortunata;515;2001
Rauland;Augusta;514;2001
Fabrine;Adrianna;513;2001
Akaszewska;Pêcis³awa;512;2001
Ligêzowski;Dionizja;511;2001
Iskandar;Eligia;510;2001
Sztelmasik;Adolfa;509;2001
Dorobia³o;Otylia;508;2001
Tyœbierek;Ewelina;507;2001
Bitko;Kallina;506;2001
Balluch;Krystyna;505;2001
Srê¿ek;Odila;504;2001
Burgun;Aurora;503;2001
Dolcz;Chwalimira;502;2001
Wennefalk;Mi³a;501;2001
Dereñko;Petronela;500;2001
Kobaliñski;Wis³awa;499;2001
Darangowski;Gizela;498;2001
Wata³a;Cezara;497;2001
Bawkunowicz;Lilianna;496;2001
Myœlicz;Fryderyka;495;2001
Lechis;Dobies³awa;494;2001
Szurmacka;Dobroniega;493;2001
Pilczycka;Loretta;492;2001
Zmóra;Wiktoria;491;2001
Zejmowicz;Œwiêtochna;490;2001
Polakowski;Sêdzis³awa;489;2001
Gracja;Witos³awa;488;2001
Astran;Jadwiga;487;2001
Kierkun;Minodora;486;2001
£abiszewski;Julia;485;2001
Blachnierek;Wac³awa;484;2001
Snycerz;Kazimiera;483;2001
Jarnotowski;Jadwiga;482;2001
Garstków;Ignacja;481;2001
Lambarczak;Dezyderia;480;2001
Windlarz;Chwalimira;479;2001
Ni³ów;Dalila;478;2001
Metel;Marlena;477;2001
Szuranow;Sobies³awa;476;2001
Bo³dyñ;Emanuela;475;2001
Psowska;Sonia;474;2001
Nawojka;Jolanda;473;2001
Pulo;Leonarda;472;2001
Stachnia³;Ewa;471;2001
Wiszk;Aurora;470;2001
Zyglerowicz;Anita;469;2001
Djenadi;Galla;468;2001
Gabrielsson;Maria Magdalena;467;2001
Iwantowska;Hermenegilda;466;2001
Haryseniuk;Ingeborga;465;2001
Waldrowska;Ewa;464;2001
Gicz;Dawida;463;2001
Fruchthandler;Linda;462;2001
Kaczy¿ewski;Regina;461;2001
Oleœnica;Mina;460;2001
Gittmann;Enema;459;2001
Biszczaruk;Madlena;458;2001
Œpichal;Tacjanna;457;2001
Prendarczyk;Jarmi³a;456;2001
Sereczyñski;Józefa;455;2001
Maczalski;Witolda;454;2001
Dru¿kowski;Nimfa;453;2001
Derlichowski;Boguta;452;2001
Tkotz;Dalia;451;2001
Kuryloñski;Kallina;450;2001
Rotzoll;Sulimiera;449;2001
Micalik;Teodozja;448;2001
Hadke;Stella;447;2001
Sosieñ;Potencjana;446;2001
Sirowska;Izolda;445;2001
Hryszon;W³oœcis³awa;444;2001
Slipiko;Klotylda;443;2001
Mondzielewski;Pamela;442;2001
Ozimski;S³awomira;441;2001
Kleidbaum;Dezyderia;440;2001
Bu³aszewska;Jolanda;439;2001
Barszczyszyn;Katarzyna;438;2001
Dobysiak;Mirabella;437;2001
Pomaranski;Kleopatra;436;2001
Michó³ka;Lucja;435;2001
Okusznik;Metoda;434;2001
Pawerczak;Edda;433;2001
Sapryka;Karola;432;2001
Toroñczak;Lubosza;431;2001
Frogowski;Ramona;430;2001
Dyguda;Lucjola;429;2001
Mszak;Iga;428;2001
Supo³;Alfonsyna;427;2001
Cypryjanik;Tomis³awa;426;2001
Oseska;Metoda;425;2001
Jaleszka;Marzanna;424;2001
Kozimir;Dobroniega;423;2001
Wolañczuk;Berna;422;2001
Ha³amuszka;Madlena;421;2001
Byjak;Amalia;420;2001
Ciurapski;Edwarda;419;2001
Lechandrowicz;Walentyna;418;2001
Kuehneman;Edmunda;417;2001
Stepa³kowski;Marzanna;416;2001
Gabzdy³;Abigail;415;2001
Martenfeld;Anastazja;414;2001
Martynakis;Stefania;413;2001
Taradajczyk;Honoryna;412;2001
Lechforowicz;Jowita;411;2001
Cylino;Euzebia;410;2001
Abaron;Szarlota;409;2001
Willich;Zygfryda;408;2001
Lichterewicz;Klarysa;407;2001
Bilinda;Halka;406;2001
Gaudyr;Greta;405;2001
Blachucic;Aisza;404;2001
Hereng;Barbara;403;2001
Torc;Krzesis³awa;402;2001
Mu¿ewicz;Rudolfina;401;2001
Bermady;Lubomi³a;400;2001
Wondzonka;Petronia;399;2001
Bree;Zenobia;398;2001
Wiktarski;Dobies³awa;397;2001
Kipert;Sobies³awa;396;2001
Krzetowski;Ksaweryna;395;2001
Szczepuch;Placydia;394;2001
Dzisdzic;Konradyna;393;2001
Olajarz;Feliksa;392;2001
Kaszelak;Sieros³awa;391;2001
Ormian;Anna;390;2001
Szwc;Karola;389;2001
Greczek;Maryla;388;2001
Bonaweturczyk;Emilia;387;2001
Fajntuch;Amiceta;386;2001
Poca³ujka;Longina;385;2001
Siemieruch;Grzymis³awa;384;2001
Kilka;Alfonsyna;383;2001
Równanik;Ditta;382;2001
Kosorowski;Cezaryna;381;2001
Bocham;Roma;380;2001
Sising;Dionizja;379;2001
Zawirczuk;Mina;378;2001
Jagucak;Szeliga;377;2001
Zabiegaliñska;S³awomira;376;2001
Pieczarek;Loda;375;2001
Goterek;Daniela;374;2001
Haœ;Julianna;373;2001
Liphardt;¯alina;372;2001
R¹bilas;Estera;371;2001
Tompczyk;Chwalimira;370;2001
Sakwieja;Asteria;369;2001
Gnurek;Warwara;368;2001
Tankowski;¯aklina;367;2001
Mosie¿nik;Bartolomea;366;2001
£uñski;Gaudencja;365;2001
Lancman;Amiceta;364;2001
Szpelecka;Wilhelmina;363;2001
Wikira;Wis³awa;362;2001
Grzenc;Marzena;361;2001
Wamecki;Sara;360;2001
Czeszowic;Maja;359;2001
Æwiertynia;Eliza;358;2001
Hadzina;Donata;357;2001
Szlagowicz;Wojciecha;356;2001
Peristeras;Stella;355;2001
Zamczyk;Anna;354;2001
Usiukiewicz;Jagna;353;2001
Cyron;Agrypina;352;2001
£omszewicz;Sebastiana;351;2001
Penszyñski;Karolina;350;2001
Sêczyñska;Katarzyna;349;2001
Dziulas;Leonida;348;2001
Zieger;Berna;347;2001
Kwol;Lora;346;2001
Zyskawa;Barbara;345;2001
Chêsa;Hilaria;344;2001
Bidniuk;Amanda;343;2001
Rosaliñska;Gallina;342;2001
Kubiak-Smu³ka;Agnieszka;341;2001
Faœcianelli;Ludomira;340;2001
Pi³t;Margareta;339;2001
Mens;Klaudyna;338;2001
Ksifaris;Diomada;337;2001
Jagodyñski;Kryspina;336;2001
Komendarski;Szeliga;335;2001
Juna;Geraldyna;334;2001
Tesolin;Sieros³awa;333;2001
Radaœ;Aniela;332;2001
Orlañski;Eunika;331;2001
Gronczyñski;Ingeborga;330;2001
Nachulec;Ariela;329;2001
Wsza³;Œwiêtos³awa;328;2001
Zybko;Leonarda;327;2001
Dittke;Henryka;326;2001
Almert;Budzis³awa;325;2001
Kandulski;Ita;324;2001
Jarze³o;Ganda;323;2001
Kolatowicz;Ingeborga;322;2001
Grzegorzuk;Kesja;321;2001
Gnelec;Dajana;320;2001
Nasalczyk;Hanna;319;2001
Do³gopasow;Hiacynta;318;2001
Æwik³owski;Honoryna;317;2001
Mrokoñ;Felicjana;316;2001
Dzier¿awczyk;Jolanta;315;2001
Hinderer;Maryna;314;2001
Rulenc;Lubosza;313;2001
Nordum;Donata;312;2001
Bogaczewicz;Witolda;311;2001
Dzir¿awski;Samanta;310;2001
Pleskar;Wyszeniega;309;2001
Noworzyn;Witolda;308;2001
Buresa;Beata;307;2001
Cha³pnik;Bibianna;306;2001
Gaborkiewicz;Halszka;305;2001
Grobus;Marika;304;2001
Burbulla;Daniela;303;2001
Smigaj;Romualda;302;2001
Madkiewicz;Diana;301;2001
Lasan;Ariela;300;2001
Char³asz;Bryda;299;2001
Podymniak;Narcyza;298;2001
Wie¿elewski;Domicela;297;2001
Mieldzieæ;Gloria;296;2001
Sklarzewicz;Zelmira;295;2001
£apacki;Violetta;294;2001
Gromul;Nonna;293;2001
Elter;Jarmi³a;292;2001
Bukierj;Laurencja;291;2001
Forlañski;Sydonia;290;2001
Grolewicz;Lucyna;289;2001
Madziejewska;Jolanta;288;2001
Tycholiz;Emanuela;287;2001
Ogólniewicz;Neomi³a;286;2001
Cêcak;Hildegarda;285;2001
Zambo;Angelika;284;2001
Je¿ów;Delfina;283;2001
Dynchurska;Saturnina;282;2001
Hendzik;Gustawa;281;2001
¯ywan;Teofila;280;2001
Fortstek;Mindora;279;2001
Peiski;Albina;278;2001
Bachurewicz;Romualda;277;2001
P³oskoñ;Genowefa;276;2001
Marylak;Wojciecha;275;2001
Hallor;Romualda;274;2001
Lamk;Ulryka;273;2001
Szymalski;Sofia;272;2001
Finoket;Ludwina;271;2001
Nochocka;Ludomira;270;2001
Sloœnik;Ozanna;269;2001
Knapisiewicz;Ludwina;268;2001
Zazulin;Zuzanna;267;2001
Czerepa;Ilona;266;2001
Tefelin;Zuzanna;265;2001
Muran;Trzebis³awa;264;2001
Wiliczuk;Gardenia;263;2001
Swêcik;Strze¿ys³awa;262;2001
Zalat;Edda;261;2001
Agath;Ingrida;260;2001
Szaferna;Lubomi³a;259;2001
Banderowicz;Ariadna;258;2001
Elmianowska;Karola;257;2001
Kupiocka;Cezara;256;2001
Lelanek;Matylda;255;2001
Ruznerski;Ksaweryna;254;2001
Bondenszajc;Aurora;253;2001
Thomeyer;Ifigenia;252;2001
Dumakiewicz;Œwiêtochna;251;2001
Popczek;Lucjola;250;2001
Ka³bukowski;Wis³awa;249;2001
Rajko;Gabriela;248;2001
Lanek;Pamela;247;2001
Ulijaszyk;Minodora;246;2001
Zeñko;Areta;245;2001
Œwierszczek;S³awomira;244;2001
Czaplis;Jowita;243;2001
Tczyñski;Benigna;242;2001
Pyrez;Celestyna;241;2001
RzeŸnikiewicz;¯ywia;240;2001
Oksentowski;Amelia;239;2001
Wyszumia³a;Iwa;238;2001
Oeltjen;Dionizja;237;2001
Sramowski;Orchidea;236;2001
Piêtlak;Kamila;235;2001
Iwanuch;Bernadetta;234;2001
Korabowiak;Feliksa;233;2001
Romosin;Beatrycze;232;2001
Kollmer;Lilla;231;2001
Bedryñ;Nimfa;230;2001
Wajdeman;Asteria;229;2001
Stromkie;Magdalena;228;2001
Swatkiewicz;Fortunata;227;2001
£owiczyk;Konradyna;226;2001
Bertkowicz;Mina;225;2001
Hruba;D¹brówka;224;2001
Nilus;Isaura;223;2001
Op³ota;Zefiryna;222;2001
Loksy;Sêdzis³awa;221;2001
Liberman;Ewelina;220;2001
Mandas;Klara;219;2001
Derewicz;Sydonia;218;2001
Koszczó³;Dezyderia;217;2001
Rozniatowski;Regina;216;2001
¯ys;Bogdana;215;2001
Pezalski;Madlena;214;2001
Pluskiewicz;Faustyna;213;2001
Deuter;Agata;212;2001
Pryhoda;Serafina;211;2001
B³otna;Lucylla;210;2001
Go³ówko;Bogus³awa;209;2001
Filinik;Talita;208;2001
Haber;Liliana;207;2001
Kobylacki;Dobrawa;206;2001
Smarawa;Arletta;205;2001
Ferdanus;Bo¿ys³awa;204;2001
Wargiela;Lilla;203;2001
Skiercka;Gra¿yna;202;2001
Zeiffert;Dina;201;2001
Lencznerowicz;Kamilla;200;2001
Korona Kilañski;Otylia;199;2001
Felzner;Potencjana;198;2001
Kikiernicki;Katarzyna;197;2001
Pyka³ow;Marika;196;2001
Falikszowska;Diomeda;195;2001
Fenslau;Aurelia;194;2001
Magasiñska;Gryzelda;193;2001
Jówko;Ludomira;192;2001
Rakowitsch;Przybys³awa;191;2001
Ainbacher;Teodozja;190;2001
Munt;Felicjana;189;2001
Kleibauer;Arleta;188;2001
Wechtacz;Anna;187;2001
Szapiñski;Szczêsna;186;2001
Lipejko;Symforiana;185;2001
Anrosiak;Telimena;184;2001
Szarajew;Lilla;183;2001
Zakobielski;Bernadeta;182;2001
Jonczew;W³oœcis³awa;181;2001
Gablewicz;Kallina;180;2001
Supyk;Zuzanna;179;2001
Basczyn;Erazma;178;2001
Gertruda;Ryszarda;177;2001
Kapula;Józefa;176;2001
Mauschagen;Glikeria;175;2001
Dzymballa;Renata;174;2001
Erolik;Ligia;173;2001
Winciorski;Potencjana;172;2001
Gnaciñski;Placydia;171;2001
Hnatkow;Kaliksta;170;2001
Sarêczo;Marlena;169;2001
Ditel;¯aklina;168;2001
Espenszit;Dina;167;2001
Bautro;Joachima;166;2001
K³apucki;Wszebora;165;2001
Fedrau;Hermenia;164;2001
Knapkiewicz;Albertyna;163;2001
Strippentow;Gabriela;162;2001
Korsus;Emanuela;161;2001
P³otast;Cieszys³awa;160;2001
Klacek;Lechos³awa;159;2001
Zajêski;Kamelia;158;2001
Gusy;Nina;157;2001
G³atoñ;Krzysztofa;156;2001
Kapelusznik;Swiet³ana;155;2001
Royda;Szarlota;154;2001
Ba³aszewicz;Angelika;153;2001
Fiengier;Klara;152;2001
Godyla;Scholastyka;151;2001
Babszyszyn;Ró¿a;150;2001
Zarêcka;Oktawia;149;2001
Erlekampf;Estera;148;2001
Kazulska;Ramona;147;2001
Œwiesciak;Aniceta;146;2001
Ma³yjasiak;Szymoneta;145;2001
Swierszczewski;Lucja;144;2001
Kolodziejek;Zelmira;143;2001
Andreañczyk;Ciechos³awa;142;2001
Jeresiñska;Krystiana;141;2001
Czwink;Jolanda;140;2001
Bakierczak;Sandra;139;2001
Mecys;Loretta;138;2001
Obermueller;Agrypina;137;2001
Skibida;Radomi³a;136;2001
Tomasik;Jagna;135;2001
Bobañski;Filomena;134;2001
B³ajda;Maryla;133;2001
Wyro¿êbski;Sandra;132;2001
Zinkow;Dagmara;131;2001
Pogrebna;Izabella;130;2001
Danszczak;Gardenia;129;2001
Trochowicz;Glikeria;128;2001
Badzong;Wirginia;127;2001
Kundalska;Ludomi³a;126;2001
Buchmiller;Swet³ana;125;2001
Przecha³a;Chwalimira;124;2001
Briks;Katarzyna;123;2001
Wiernaœ;Seweryna;122;2001
Suchecki vel Szczakowski;S³awomira;121;2001
Pipo;Lora;120;2001
Oleniec;Wirginia;119;2001
Bogumi³ko;Felicja;118;2001
Gamu³a;Leona;117;2001
Zalu¿ny;Wac³awa;116;2001
Cubek;Roma;115;2001
Majtek;Malwina;114;2001
Baklan;Gilda;113;2001
Korszun;Inga;112;2001
Orodnik;Fryda;111;2001
Pieniach;Jaœmina;110;2001
Prechsel;Karina;109;2001
Kustarz;Mira;108;2001
Deurcz;Carmen;107;2001
Boese;Ingrid;106;2001
St¹cz;Marianna;105;2001
Kowlaski;Huberta;104;2001
Ksy³;Czes³awa;103;2001
Pereœlucha;Faustyna;102;2001
£awrukaitis;Delfina;101;2001
Wasilke;Emerencja;100;2001
Ja³owczyk;Kwiatos³awa;99;2001
Henzelewski;Adolfina;98;2001
Lublianiec;Teodozja;97;2001
Ozimikiewicz;Dobies³awa;96;2001
Czy¿yca;Cyntia;95;2001
Gwo¿dziowski;Rozyna;94;2001
Martyniecki;Anita;93;2001
Grochciñska;Mi³os³awa;92;2001
P³ocieñ;Adolfa;91;2001
Kuraho-Skraho;Gloria;90;2001
Mud³o;Berenika;89;2001
Hamr;Aleksandra;88;2001
Ostrowierch;Zelmira;87;2001
Aumuller;Kosma;86;2001
Borzych;Felicyta;85;2001
Œwietkowiak;Cecylia;84;2001
Haury³kiewicz;Liwia;83;2001
Semk;Leonia;82;2001
Szudkowski;Jagoda;81;2001
Szwojda;Angelika;80;2001
Rembiecha;Scholastyka;79;2001
Borgulya;Ludomira;78;2001
Niewiada;Olimpia;77;2001
Bieleñkiewicz;Maryna;76;2001
Krauczelinas;Felicjana;75;2001
Bronelik;Swiet³ana;74;2001
Achita;Ró¿a;73;2001
Odpada;S³awomira;72;2001
Jachimiuk;Roksana;71;2001
Skrodiuk;Gracjana;70;2001
Borenet;Genowefa;69;2001
Wiczepanek;Miriam;68;2001
Zelichowski;Maryna;67;2001
Puacz;¯aklina;66;2001
Pliciñski;Emerencja;65;2001
Rafalot;Lamberta;64;2001
Mylnik;Dina;63;2001
Pranzioch;Wiêces³awa;62;2001
Drejasz;Augustyna;61;2001
Mutianko;Nadia;60;2001
Bawa³ek;Ilia;59;2001
Organowski;Natalia;58;2001
Kojzerek;Orchidea;57;2001
Mages;Halszka;56;2001
Bierzmiewski;Sofia;55;2001
Wyceniak;Bernardyna;54;2001
Stafij;Czcibora;53;2001
Pszulna;Leonia;52;2001
Ob³¹kowski;Alma;51;2001
Hakowiecka;Wszemi³a;50;2001
Pypaæ;Pelagia;49;2001
Koftanowicz;Rozalia;48;2001
Ulinowski;Telis³awa;47;2001
Cegielski vel WoŸniak;Pryska;46;2001
Korabiewski;Gawry³a;45;2001
Skrêciak vel Lewandowski;Ewdokia;44;2001
K³odek;Debora;43;2001
Konwisarczyk;Beatrycze;42;2001
Gregosch;Tomira;41;2001
Katuœ;Krystyna;40;2001
¯ona;Glikeria;39;2001
Ruzgis-Jackiewicz;Filomena;38;2001
Gielnicki;Nonna;37;2001
Dobrina;Jadwiga;36;2001
Klingbajl;Toska;35;2001
Krafczyszyn;Monika;34;2001
Gardyga;Aisza;33;2001
Cebu³ka;Bogdana;32;2001
Go³ubczyk;W³adys³awa;31;2001
Krzemióski;Julianna;30;2001
Bortasów;Leokadia;29;2001
Pieni¹¿kowski;Lilianna;28;2001
Szczybór;Faustyna;27;2001
¯elochowska;Anna;26;2001
Asterski;Sawa;25;2001
Poruszewski;Karena;24;2001
Stepanowski;Aniceta;23;2001
£uczniewicz;Roma;22;2001
Kuchmeister;Leopolda;21;2001
Waszaj³o;Konrada;20;2001
Pinczewski;Gardenia;19;2001
Wajukajm;Roksana;18;2001
Karnina;Demetria;17;2001
Koszalski;Dajana;16;2001
Palmerski;Fausta;15;2001
£êkarski;¯egota;14;2001
Szwindowicz;Stanis³awa;13;2001
W³udarczuk;Ryszarda;12;2001
Kaczmarzyñski;Huberta;11;2001
Greczarek;Sewera;10;2001
Andzielewski;Stanis³awa;9;2001
Kokolus;Donata;8;2001
Rond;Konstancja;7;2001
Weseñczuk;Isaura;6;2001
Bruniany;Asteria;5;2001
Kontarzew;Wszebora;4;2001
Koœciu³;Emilia;3;2001
Mensyk;Bryda;2;2001
Stryjewski;Karola;1;2001
Galendek;Humbert;1000;2000
Puranik;Kryspin;999;2000
Nieczytai³ow;Wilhelm;998;2000
Ciecharz;Korneli;997;2000
Wêchal;Nikanor;996;2000
O³enczyn;Wies³aw;995;2000
Sengers;Maksym;994;2000
Sytar;Ewelin;993;2000
Gozdawa Drwêski;Dagobert;992;2000
Frogiel;Bogumir;991;2000
Æwilich;Juliusz;990;2000
Gu¿dzio;Sykstus;989;2000
Gabryjelewski;Egon;988;2000
Chêczkiewicz;Kazimierz;987;2000
Krafft;Sofroniusz;986;2000
Michotka;Fabrycy;985;2000
Krzy¿ostanik;Przemys³aw;984;2000
Blehm;Achacjusz;983;2000
Bryba;Ludomi³;982;2000
Sobolnicka;Ludwik;981;2000
Reœke;¯elis³aw;980;2000
Homeñski;Flawian;979;2000
Szlenczek;Aleksy;978;2000
Landzkowski;Jarope³k;977;2000
Fedysiów;Œwiêtos³aw;976;2000
Leszczeszyn;Wodzis³aw;975;2000
£yluk;Cieszygor;974;2000
Koschany;Chwalis³aw;973;2000
Korbysa;Makary;972;2000
Raduj;Wszegniew;971;2000
Chiryza;Mironieg;970;2000
Trzpil;Walenty;969;2000
Alanowska;Wac³aw;968;2000
Welkowska;Niemir;967;2000
Jêdrzyk;Lutobor;966;2000
Kustodowicz;Herakles;965;2000
Krycza³³o;Mojmir;964;2000
Œciernicki;Karol;963;2000
£êgownik;Cyrus;962;2000
Szefczak;Job;961;2000
Honzatko;Ireneusz;960;2000
Wagrzecka;Egon;959;2000
M¹towski;Korneli;958;2000
WoŸniok;Renat;957;2000
Siedlaszek;Roger;956;2000
Barlik;Janis³aw;955;2000
Gêbryœ;Drogos³aw;954;2000
Czeterburg;Bo¿ebor;953;2000
Ni¿yborski;Gebhard;952;2000
Harjasz;Bazyl;951;2000
Kores;Martynian;950;2000
Klein;Liwiusz;949;2000
Popielczak;Kornel;948;2000
Jewtoszewska;Jarogniew;947;2000
Zagózdziñska;Enoch;946;2000
Zimdzak;Zygfryd;945;2000
Planter;Modest;944;2000
Wolniok;Ananiasz;943;2000
Bielke;Cieszymir;942;2000
Micha³yk;Przedwoj;941;2000
Osochocki;Trzebimir;940;2000
Œwiena;Hermes;939;2000
Kurpioch;Karp;938;2000
Muraszkiewicz;Lilian;937;2000
Wojtaw;Symeon;936;2000
Talarek;Bo¿ebor;935;2000
Zaic;Radziwoj;934;2000
Tyrzes;Sêdzis³aw;933;2000
Golaszowska;Czech;932;2000
Nispoñ;Kwiryn;931;2000
Stanuch;Przedwoj;930;2000
Konteft;Antym;929;2000
Rejtarowski;Euzebiusz;928;2000
Sza³tenis;Gaudenty;927;2000
Stranczka;Ludomir;926;2000
G¹chewicz;£ucjan;925;2000
Firadza;Lutos³aw;924;2000
Matwijszyn;Waleriusz;923;2000
Szprynca;Œwiêcimir;922;2000
Szabliñski;Heliasz;921;2000
Pitruliñski;Iwon;920;2000
Skwary³o;Wiêczys³aw;919;2000
Kiola;Tacjusz;918;2000
£ogiewka;Andrzej;917;2000
Wawdefer;Nikanor;916;2000
Altheim;Roland;915;2000
Kryk vel Krygiel;Przybymir;914;2000
Popner;Amadeusz;913;2000
Wernes;Andron;912;2000
Bezumowicz;Dobronieg;911;2000
Sciebiorek;Hegezyp;910;2000
Kie³dacka;S³awoj;909;2000
Bugojczyk;Dobrogost;908;2000
ZyŸniewski;Achacjusz;907;2000
Dauda;Otton;906;2000
Zaluñski;Sykstus;905;2000
Owczarek;Bertold;904;2000
Prózna;Rajmund;903;2000
Szlemer;Mœciwój;902;2000
Weisman;Przybywoj;901;2000
Kozinski;Grzegorz;900;2000
Andruszenko;Kazimierz;899;2000
Bartedza;Domawit;898;2000
Najuk;Malwin;897;2000
Steiñberg;£ucjusz;896;2000
Draszcz;Barnabasz;895;2000
Szloz;Wiktoriusz;894;2000
Janaczek;Tomi³;893;2000
Swalarz;Anastazy;892;2000
Kuziara;Wyszemir;891;2000
Peszot;Roch;890;2000
Mêndak;Klet;889;2000
Kijuk;¯elis³aw;888;2000
Œwiêconek;Atanazy;887;2000
Halabarda;Szczepan;886;2000
Ma³enda;Jeremiasz;885;2000
Puchl;Tomis³aw;884;2000
Grella;Jan Kanty;883;2000
Basibór;Naczes³aw;882;2000
Mrówczacki;Sulirad;881;2000
Wertacz;Drogomi³;880;2000
Klimiewicz;Efrem;879;2000
Solna;Sobies¹d;878;2000
Szczawij;Kondrad;877;2000
Nebesni;Wszerad;876;2000
Kotarzewski;Prosimir;875;2000
Szeliwiak;Dorian;874;2000
Katlarek;Erwin;873;2000
Luste;Sylwin;872;2000
Œwieca;Jonatan;871;2000
Pa³¹k;Bazylid;870;2000
Srobrowski;Trzebomys³;869;2000
Kowliñska;Gedeon;868;2000
Filipic;Micha³;867;2000
Abra³añska;Hermes;866;2000
Faltyn;Siestrzemi³;865;2000
Telsdorf;Seweryn;864;2000
Zagzie³;Leodegar;863;2000
Moulis;Zefiryn;862;2000
Udko;Tomi³;861;2000
Widzewicz;Paramon;860;2000
Trêbaluk;Ksawery;859;2000
Cybulkin;Racimir;858;2000
Odyniec;Jacenty;857;2000
Bulli;Sobies¹d;856;2000
Szajczyk;Sobies³aw;855;2000
Woz;Eweryst;854;2000
Sz³uka;Felicysym;853;2000
Majeszczyk;Natanael;852;2000
Taraj³o;Cezary;851;2000
Drósch;Konstanty;850;2000
Walów;¯elis³aw;849;2000
¯niszczo³;Cyryl;848;2000
Cempura;Drogos³aw;847;2000
Trassa;Bohdan;846;2000
Blañczyk;Karolin;845;2000
Dzier¿ko;Cibor;844;2000
Birgiszer;Apolinary;843;2000
Zacharew;Gustaw;842;2000
Budziejko;Axel;841;2000
¯uchora;Franciszek;840;2000
Broth;S¹domir;839;2000
Toczykont;Cibor;838;2000
Wolungiewicz;RenÃƒÂ©;837;2000
Ozug;Helmut;836;2000
Boja;Bronimir;835;2000
Pêdziowska;Czêstomir;834;2000
Siemsia;Justyn;833;2000
Hencki;Gaspar;832;2000
Szranke;Dezydery;831;2000
£ukacz;Patryk;830;2000
Dybolska;Jazon;829;2000
Œwia³kowska;Patryk;828;2000
Pyziñski;Fabrycjan;827;2000
Runowicz;Bolebor;826;2000
Orywo³;Franciszek Salezy;825;2000
Latoñ;Dobiemir;824;2000
Pawliwski;Kiejstut;823;2000
Zab³otniak;Galezy;822;2000
Cusik;Sawin;821;2000
Nestorow;Œwiêtos³aw;820;2000
Kapkowski;Robert;819;2000
Ta³asiewicz;Wszemi³;818;2000
Gadziecki;Gwidon;817;2000
B³aszkiewicz;¯elis³aw;816;2000
Bucher;Horacy;815;2000
Zmeczerowski;Zdobys³aw;814;2000
Senel;Jeron;813;2000
Kier³owicz;Bertold;812;2000
Wawilan;Eryk;811;2000
Me³en;Olgierd;810;2000
Morszyn;Nawoj;809;2000
Gembolys;Moj¿esz;808;2000
Pitrzak;Dalegor;807;2000
¯eleszczyk;Zorian;806;2000
Warchoñ;Wiêces³aw;805;2000
Œmigrowski;Eweryst;804;2000
Wielbacki;Erhard;803;2000
Wilkoñski vel Wilkêski;Gajusz;802;2000
Glimeister;Ramon;801;2000
Cieœwierz;Rufus;800;2000
Domgia³³o;Werner;799;2000
Marasiak;Henryk;798;2000
Fr¹szcza;Wendelin;797;2000
Koscijanczuk;Niemir;796;2000
Gollij;Amadeusz;795;2000
Kosyrczyk;Wielis³aw;794;2000
Borejszko;Czcibor;793;2000
Bolniecki;January;792;2000
Tychek;Hermenegild;791;2000
Kuprycht;Bonifacy;790;2000
Szelaz³a;Wszerad;789;2000
£ukowiec;Ezechiel;788;2000
Hellfeur;RenÃƒÂ©;787;2000
Wiostek;Addar;786;2000
Forbes;Cezary;785;2000
Œwietoniak;Spirydion;784;2000
Kolendrowicz;Ksenofont;783;2000
Pstrong;Kanizjusz;782;2000
Jaderna;Ewaryst;781;2000
Herdy;Agapit;780;2000
Gitzer;January;779;2000
Holeniowska;Melchior;778;2000
Serwatiak;Roman;777;2000
Zabójszczyk;Zorian;776;2000
Pchayek;Unis³aw;775;2000
Dzimiñski;Boromeusz;774;2000
Wyœk;Ubald;773;2000
Burdziñski;Lilian;772;2000
£ugowski;Rafa³;771;2000
Baków;Mansfet;770;2000
Wo³uñ;Ernestyn;769;2000
Dulicz;Roch;768;2000
Batzik;Têgomir;767;2000
Klenski;Narcyz;766;2000
Kieñcik;Ubys³aw;765;2000
Niziniec;Wszemir;764;2000
Kudzek;Niegomir;763;2000
Rymanowski;Kir;762;2000
Char³aszów;Twardos³aw;761;2000
M¹kos;Kain;760;2000
Kreiseder;Harasym;759;2000
Skorytowska;Ninomys³;758;2000
¯a³ugowicz;Kalasanty;757;2000
Hanser;W³oœcis³aw;756;2000
Fedrowitz;Lutos³aw;755;2000
Sukierzyñska;Longin;754;2000
Gnega;Wyszemir;753;2000
Szyrkowicz;Leonard;752;2000
Paczecka;Wojciech;751;2000
Gryzikowska;Witomi³;750;2000
Kerpert;Cecylian;749;2000
Cyganol;Judasz;748;2000
Nikodon;Radogost;747;2000
£aczyszyn;Mœcibor;746;2000
Gordziel;Budzigniew;745;2000
Bystrzyjewski;Klementyn;744;2000
Kosanga;Edgar;743;2000
Kormasz;Hermenegild;742;2000
Kuczerowcew;Goœciwit;741;2000
Wienczura;Dobromi³;740;2000
Szpingier;Sylwery;739;2000
Talering;Rados³aw;738;2000
Heidlas;Ireneusz;737;2000
Wituch;Dan;736;2000
Kocimski;Cibor;735;2000
Dallet;Dalebor;734;2000
Fidrich;Olgierd;733;2000
Chadyñka;Sewerian;732;2000
Hruszowiec;Wawrzyniec;731;2000
Skraba;Faust;730;2000
Plip;S¹dzimir;729;2000
Zarlok;Domamir;728;2000
Landon;Wrócimir;727;2000
Sabañski;W³adys³aw;726;2000
£achyñska;Albert;725;2000
B³azieñ;Albaniusz;724;2000
Sidur;Metody;723;2000
Numrych;Alf;722;2000
Diduszek;Euchariusz;721;2000
Dylak;Janusz;720;2000
Weissensteiner;Kasjan;719;2000
BrzeŸnik;Unimir;718;2000
£yzin;Festus;717;2000
Gnizia;Gerwazy;716;2000
Kipa;Domos³aw;715;2000
Kurdych;Trzebomys³;714;2000
£odel;Iwon;713;2000
Gnerich;Damazy;712;2000
Jozienko;B³a¿ej;711;2000
Tonolewski;Serwacy;710;2000
Gumanna;D³ugosz;709;2000
Bujar;Leonard;708;2000
Baducki;Krzysztof;707;2000
Kos³uch;Eligiusz;706;2000
¯uchawska;Roœcis³aw;705;2000
Bloñska;Cezariusz;704;2000
Frentel;Artus;703;2000
Switeñ;Eligiusz;702;2000
Majus;Przybywoj;701;2000
Nicio³;Salwin;700;2000
Arnocka;Gabriel;699;2000
Buniecka;Mœcibor;698;2000
Hofstaeter;Cieszygor;697;2000
Wawszyk;Izydor;696;2000
Pêchalski;Ninogniew;695;2000
Podryszyñska;Krzysztof;694;2000
Porosko;Jarogniew;693;2000
Mango;Sofroniusz;692;2000
Przêzdziek;Pudens;691;2000
Panka³o;Erhard;690;2000
Poznorowicz;Dobrowit;689;2000
Graut;Longin;688;2000
Dygnoœ;Benicjusz;687;2000
Rosola;Feliks;686;2000
Wawryka;Lucjusz;685;2000
Gibos;Tycjan;684;2000
Przybysiak-Przybyszewski;Jonasz;683;2000
Libardi;Oskar;682;2000
Giellnik;Kewin;681;2000
Hollor;Uniedrog;680;2000
Gródzyñski;Edwin;679;2000
£aja;Dorian;678;2000
Stenzik;Rajnold;677;2000
Garecki;Stanimir;676;2000
Widogórka;Kazimierz;675;2000
Bargowicz;Unis³aw;674;2000
Elznerowicz;Antonin;673;2000
Frenlich;Klaudiusz;672;2000
Æwiczyñski;Roœcimir;671;2000
Niedziocha;Przybyrad;670;2000
Poeppel;German;669;2000
Leonczyk;Radek;668;2000
Ramczenko;Bazylis;667;2000
Maheta;Mi³ogost;666;2000
Fryzik;Irydion;665;2000
Basamonowicz;Bohdan;664;2000
Dzwoñska;Hugo;663;2000
Stunbiñska;Adalbert;662;2000
Silerski;Sulpicjusz;661;2000
Hamsymowicz;Norman;660;2000
Jeleniowska;Elizeusz;659;2000
Gorniak vel Gorska;Domarad;658;2000
Midzik;Niemir;657;2000
Wierzganowski;Arseniusz;656;2000
Flisykowski;Spycimir;655;2000
Niecota;Wiêcemi³;654;2000
Korzan;Ezdrasz;653;2000
Magin;Sabin;652;2000
P³ywak;Korneli;651;2000
Homolka;Nelly;650;2000
Lendziakowska;Naczes³aw;649;2000
Œmiglicki;Miros³aw;648;2000
Imbras;Kleofas;647;2000
Kenzik;Cieszys³aw;646;2000
Czubenko;Emil;645;2000
Bitinkow;Stojmir;644;2000
Strzeszczyñska;Dolores;643;2000
Knychala;Afanazy;642;2000
Sembarski;Bo¿ydar;641;2000
Bersch;Olgierd;640;2000
Cudkiewicz;Dalemir;639;2000
Czapulan;Tolis³aw;638;2000
Fryt;Fabian;637;2000
P³oñka;Unimir;636;2000
Za³uskowski;Romeo;635;2000
Bróda;Wojmir;634;2000
Mikrasz;Kandyd;633;2000
Pleiznerowska;Wszemir;632;2000
Rygorczuk;W³odziwoj;631;2000
Gr¹dek;Roman;630;2000
Antoñ;Zdzimir;629;2000
Labuñski;January;628;2000
Buslenko;Cieszybor;627;2000
S¹durska;Wiktorian;626;2000
Kurelak;Dobrociech;625;2000
Czarnetzki;Orestes;624;2000
Ascych;Stanis³aw;623;2000
Stembalski;Damian;622;2000
Marczkowski;Ludomir;621;2000
Doœpi³;Przedwoj;620;2000
Chutyra;Czechoñ;619;2000
Przywarczyk;Eulogiusz;618;2000
Skworek;Porfirion;617;2000
¯urawl;Wszemi³;616;2000
Mal¹gowski;Hugon;615;2000
Beschmidt;Hubert;614;2000
Salloum;Marcelin;613;2000
Bojarojc;Innocenty;612;2000
Bruszyñski;Godzimir;611;2000
Praczke;Albaniusz;610;2000
Hollik;Bean;609;2000
Mekuch;Przybyrad;608;2000
Libricht;Torpet;607;2000
Appelbum;Lutomir;606;2000
Filipin;Doris;605;2000
Michala;Liberat;604;2000
Drajok;Sulimierz;603;2000
Kiesslich;Salezy;602;2000
S³u¿aniec;Ireneusz;601;2000
Borankiewicz;Noemi;600;2000
Wójcikiewicz;Walter;599;2000
Harmatnik;Ronald;598;2000
KaluŸna;Zachariasz;597;2000
Peterzyk;Jordan;596;2000
Jakrzyk;Bazyli;595;2000
Nataszyc;Asteriusz;594;2000
Bejraszewski;Mi³orad;593;2000
Pó³korycki;Florentyn;592;2000
Olems;Roœcimir;591;2000
Balsasz;Klementyn;590;2000
Bejza;Teodozjusz;589;2000
Drause;Gabor;588;2000
Machu³;Jozue;587;2000
Czemornik;Wiêces³aw;586;2000
Globke;Cyriak;585;2000
Tarosewicz;Spirydion;584;2000
Prasik;Aleksy;583;2000
Meleszkiewicz;Izaak;582;2000
Niewiecze¿al;Eligiusz;581;2000
Teiega;Gerard;580;2000
Michaczewska;Nicefor;579;2000
Kuzicki;Iwo;578;2000
Irobi;Apollo;577;2000
Ba³kowski;Gajusz;576;2000
Szorc;Petroniusz;575;2000
Posak;¯ytomir;574;2000
Po³eczo³o;Roch;573;2000
P³aksiak;Drogomir;572;2000
Kiertaszewska;Dominik;571;2000
Weiñska;Mamert;570;2000
Skarbiesz;Nikanor;569;2000
Szwaby;Jonatan;568;2000
Pr¹¿yñski;Wielis³aw;567;2000
WrzeŸniak;Sewerian;566;2000
Gorgurewicz;Lutobor;565;2000
Waloszik;Trzebimir;564;2000
Tamaka;Radomir;563;2000
Py³ypów;Wit;562;2000
Lauchstädt;Pêcis³aw;561;2000
Cymach;Drogomir;560;2000
Kupsch;Sebald;559;2000
£ucenia;Oswald;558;2000
Oszaka;Pêkos³aw;557;2000
Berstler;Ksenofont;556;2000
Zisidis;Jan Chryzostom;555;2000
Charszczyñski;Alfons;554;2000
¯ygie³³o;Czêstobor;553;2000
Kuterbach;Hegezyp;552;2000
Btawdzin;Siestrzemi³;551;2000
Pacler;Emanuel;550;2000
Chrusiñska;Grodzis³aw;549;2000
Grus;Œwieciech;548;2000
Gawrus;Jeron;547;2000
Kryszpin;Donald;546;2000
Spychara;Albin;545;2000
Darowiecki;Dobromir;544;2000
Pinkasewicz;Eberhard;543;2000
Cherla;Iwan;542;2000
Balanda;Demetriusz;541;2000
Gniadkiewicz;Helmut;540;2000
Na³êcki;Serafin;539;2000
Ba³a¿enko;Stojgniew;538;2000
Rocal;Diogenes;537;2000
Demaniuk;Mas³aw;536;2000
Kacyniak;Lutogniew;535;2000
Gubarewski;Chociemir;534;2000
Krejca;Niezamys³;533;2000
Stachula;Wrzes³aw;532;2000
Liedert;Borzywoj;531;2000
Widuliñski;Mauryn;530;2000
Klaniecki;Wszegniew;529;2000
Star¿ecka;Henryk;528;2000
Krapiwin;Zachariasz;527;2000
Gabryniak;Eligiusz;526;2000
Jagodowicz;Broniwoj;525;2000
Barcowicz;Donald;524;2000
Przeworczyk;Stronis³aw;523;2000
Jasniak;Klaus;522;2000
Grauser;Winicjusz;521;2000
Panin;Lewin;520;2000
Stargulewski;Egbert;519;2000
Kiebal;Suliwoj;518;2000
Niechwidowicz;Trzebis³aw;517;2000
Flejmajer;Juliusz;516;2000
Szelewa;Bo¿ydar;515;2000
Krykawska;Sulis³aw;514;2000
Konczelski;Polikarp;513;2000
Stadurska;Spycimir;512;2000
Pipiór;Adrian;511;2000
Kapistecki;Strze¿ys³aw;510;2000
Blizimska;Melchior;509;2000
Kissk;Grzegorz;508;2000
Bodenczuk;Dobronieg;507;2000
Niezió³ka;Taras;506;2000
Elbich;Herkulan;505;2000
Dêbin;Faust;504;2000
Ruducka;Micha³;503;2000
Sammet;Patrycy;502;2000
Umirska;Gaudencjusz;501;2000
Szudok;Zbigniew;500;2000
Bo³ot;Drogomi³;499;2000
Koraban;Arseniusz;498;2000
Todzik;Oswald;497;2000
Krau¿owicz;Rafa³;496;2000
Nuchowska;Wszeb¹d;495;2000
Ma³oszek;Ders³aw;494;2000
Rogór;Gabriel;493;2000
Cynn;Leonid;492;2000
Spetz;Franciszek Salezy;491;2000
Klusza;Atanazy;490;2000
Wyrozêbski;Liboriusz;489;2000
Szkruæ;Kalikst;488;2000
Tomp³owicz;Klementyn;487;2000
Humbek;Dziers³aw;486;2000
Adrjañczyk;Radek;485;2000
Wettrich;Dymitr;484;2000
Tomfas;Barnabasz;483;2000
Przywódzki;Torpet;482;2000
Ochantol;Rufus;481;2000
Micholik;Egon;480;2000
Tiuk;Chryzostom;479;2000
Klejmon;Brunon;478;2000
B¹bo³a;Fabian;477;2000
Koppin;Mi³owan;476;2000
Lobka;Beatryks;475;2000
Ramerowicz;S³awoj;474;2000
Chuptyœ;Janusz;473;2000
Be¿an;Gorgoncjusz;472;2000
Chrukiewicz;Gebhard;471;2000
Barbaszewski;Gabriel;470;2000
Œw¹tek;Kondrad;469;2000
Wodschak;Eligiusz;468;2000
Ryboñ;Krzesis³aw;467;2000
£aputko;Adolf;466;2000
Kurczobiñski;Leszek;465;2000
Gudiadidis;Mœciwój;464;2000
Szkrabocka;Dagobert;463;2000
Kurdelski;Mi³owan;462;2000
Garszek;Grodzis³aw;461;2000
Branoys;Zefiryn;460;2000
S¹czawa;Achacy;459;2000
Kopyta;Kurt;458;2000
Szturmiak;Rut;457;2000
Chandej;Taras;456;2000
Œwiech;Norbert;455;2000
Ciwoniuk;Aleksander;454;2000
Gameel;Mirogniew;453;2000
Goleniec;Karolin;452;2000
Swêder;£ukasz;451;2000
Wolonkiewicz;Epifaniusz;450;2000
Olesek;Tyberiusz;449;2000
Jêdrys;Gawe³;448;2000
Bassel;Wszemi³;447;2000
Orszczyk;Konstancjusz;446;2000
Kirjanowicz;Goœcis³aw;445;2000
Morkulak;Siemirad;444;2000
£astawa;Spycis³aw;443;2000
W¹grodna;Oskar;442;2000
Sobicki;Jakub;441;2000
Dottek;Probus;440;2000
Piskrzyñski;Emiliusz;439;2000
Sêkowicz;Sambor;438;2000
Werbowicz;Pakos³aw;437;2000
Stasal;Boromeusz;436;2000
Fajud;Radomys³;435;2000
Pródniak;German;434;2000
Wa³piñska;D³ugosz;433;2000
Kechla;Racis³aw;432;2000
Zilonicka;Brykcjusz;431;2000
Jugiel;Leander;430;2000
Domosód;Ksenofont;429;2000
Oksejuk;Paulin;428;2000
Depciuk;Sylwin;427;2000
Sziterly;Tezeusz;426;2000
Zajêc;Beniamin;425;2000
Owalla;Dalebor;424;2000
Szelner;Nikanor;423;2000
£enka;Erhard;422;2000
Kadi;Mironieg;421;2000
Hawreluk;Apoloniusz;420;2000
Dziekleñski;Prokop;419;2000
Stefaniok;Przec³aw;418;2000
Jakuczewski;Morzys³aw;417;2000
Go³oszczyk;Tomir;416;2000
Miot;S³awobor;415;2000
Skubal;Klaudiusz;414;2000
Janasz;Stos³aw;413;2000
Harland;Gwidon;412;2000
L¹giewka;Iwon;411;2000
£ajewski;Radomi³;410;2000
Kozidój;Doris;409;2000
Hardek;Ubald;408;2000
Magge;Domas³aw;407;2000
Bejamowicz;Gracjan;406;2000
Stajndorf;Wespazjan;405;2000
Hy¿ewski;Zdziwoj;404;2000
Romenko;Przes³aw;403;2000
Wienke;Joachim;402;2000
Milczonek;Romuald;401;2000
Wachsner;Lubomierz;400;2000
Labud;Ryszard;399;2000
ZadroŸniak;Micheasz;398;2000
Moczkier;£ucjusz;397;2000
Issa;Kasper;396;2000
Bestian;Renat;395;2000
Sztangert;Dariusz;394;2000
Gizdziejewski;Zbys³aw;393;2000
Górczakowska;S³awosz;392;2000
Pikól;W³odziwoj;391;2000
Kom³a;Domicjan;390;2000
Przonaj;Cieszyrad;389;2000
Partaszkiewicz;Kondrat;388;2000
Baliko;Godzisz;387;2000
Co³ek;Boromeusz;386;2000
Patenko;Barnabasz;385;2000
Getkowicz;Kornel;384;2000
Bielceka;Lutomys³;383;2000
Smulczyñski;Asenat;382;2000
Zabówka;Alfred;381;2000
Szajko;Gorzys³aw;380;2000
Butow;Ageusz;379;2000
Zelisko;Florentyn;378;2000
Kossko;Leonid;377;2000
Kejnik;Beniamin;376;2000
Cepiega;Torpet;375;2000
Grz¹dziñska;Taras;374;2000
Meksu³a;Pius;373;2000
Nakraszewska;Cezary;372;2000
Ronus;Medard;371;2000
Jobke;Jerzy;370;2000
Pleskowicz;Kleofas;369;2000
Ostep;Trzebowit;368;2000
Rozmawitti;Chryzostom;367;2000
Go³uszkiewicz;Delfin;366;2000
Szterling;Parys;365;2000
Lebiotowska;Czechoñ;364;2000
Jadrych;Natalis;363;2000
Czerniawko;Pakos³aw;362;2000
Rzeszofarski;Goœcis³aw;361;2000
£azuchewicz;Paschalis;360;2000
Mamiêcka;Wszeb¹d;359;2000
Golc;Sylwiusz;358;2000
Ciê¿kal;Saturnin;357;2000
Korowczyk;Diogenes;356;2000
Herring;Spirydion;355;2000
Grzywkowski;Leander;354;2000
Kallus;Petroniusz;353;2000
Hudowicz;Œwiatozar;352;2000
Nitenberg;Jozafat;351;2000
Kurlepska;Protazy;350;2000
Blaurok;Wszebor;349;2000
Wiensek;Cezary;348;2000
Weleziñski;Kasper;347;2000
Sercuñ;Bo¿ys³aw;346;2000
Früff;Lucjol;345;2000
Emanui³ow;Lechos³aw;344;2000
Nusialski;Zdzibor;343;2000
Henel;Samuel;342;2000
Fiedociuk;Wrzes³aw;341;2000
Bronglewicz;Edgar;340;2000
Swiêdczak;Wenancjusz;339;2000
¯yszczewska;Nikanor;338;2000
Sczuæ;Nawoj;337;2000
Holfajer;Euchariusz;336;2000
Litnicka;Filip;335;2000
Umsza;Tezeusz;334;2000
Boruœ;Chociebor;333;2000
Hodur;Ludomi³;332;2000
Rzempa³a;Zbys³aw;331;2000
Wanke;Mi³orad;330;2000
Palynyczak;Ciechomir;329;2000
Trzeziñski;Czêstowoj;328;2000
Samotyka;Auksencjusz;327;2000
Tiena;Otomar;326;2000
Kliszniak;Dobies³aw;325;2000
Zubenko;Longin;324;2000
Jadnachowska;Dzier¿ykraj;323;2000
¯egórski;Humbert;322;2000
P³achta;Kiry³;321;2000
Dienwebel;Soter;320;2000
Zamarjan;Boromeusz;319;2000
Luczyk;Cierpis³aw;318;2000
Siergiejuk;Brykcjusz;317;2000
Chioñska;Sylwester;316;2000
Knapik;Amon;315;2000
Szpigun;Germanik;314;2000
Angerhöfer;Ezdrasz;313;2000
Œpiewa;Szwieciech;312;2000
Chaturzewska;Miron;311;2000
Nade³ko;Dobromierz;310;2000
Iweñ;Dobromir;309;2000
Rudu³towska;Uniewit;308;2000
Klaudek;Fortunat;307;2000
Herhorczak;Emanuel;306;2000
Bizot;Uniemys³;305;2000
Jusiel;Placyd;304;2000
Kulbasz;Natalis;303;2000
Efenberger;Nosis³aw;302;2000
Sa³ega;Pimen;301;2000
Domisch;W³adymir;300;2000
Zbylut;Jonasz;299;2000
Koczdañski;Wolfgang;298;2000
Ma³esza;Remigiusz;297;2000
Porschke;Wilibald;296;2000
Horbowiec;Efrem;295;2000
Soley;Apoloniusz;294;2000
Jamo³;Abdiasz;293;2000
Perfun;Konradyn;292;2000
Czostkiewicz;Albert;291;2000
Zawasiñski;Siemirad;290;2000
Radieœ;Konstantyn;289;2000
Grabilska;Biernat;288;2000
Brange;Barnabasz;287;2000
Buczarski;Agaton;286;2000
KoŸbiel;Wiktoryn;285;2000
Nadgrabski;Niegos³aw;284;2000
Legiec;Renat;283;2000
Lerchenstein;Romeo;282;2000
Kar³ubek;Chrystian;281;2000
Pantelej;Lucjol;280;2000
Mardeja;Benon;279;2000
Jastrêbowska;Brykcjusz;278;2000
Erazmuz;Ezechiel;277;2000
Szeleznik;Niedamir;276;2000
Baber;Apoloniusz;275;2000
Trzaskot;Anicet;274;2000
Podajny;Libert;273;2000
Hegedisz;Klement;272;2000
Zamanek;Gerhard;271;2000
Facalusiak;Zdzis³aw;270;2000
Kalau;Demetriusz;269;2000
Rytz;Przemi³;268;2000
Goszcz;Wróciwoj;267;2000
Boehmel;Zdobys³aw;266;2000
Anyperowicz;Jazon;265;2000
Barczyca;Zbylut;264;2000
Kiniasz;Klemens;263;2000
Kaszczyniec;Hegezyp;262;2000
Ko¿dub;Lew;261;2000
Wzietek;Faust;260;2000
Rydzy;Aureliusz;259;2000
Lasienko;Teodozjusz;258;2000
Spaleniec;Klaudian;257;2000
Maruniewicz;Tymoteusz;256;2000
DŸweñka;Wirgiliusz;255;2000
Mamczyñski;Albert;254;2000
Froner;Wszemir;253;2000
Fercyk vel Ferc;Natalis;252;2000
Z³omañski;Sykstus;251;2000
Krzonkalla;Ludomi³;250;2000
Kejza;Antonin;249;2000
Bubisz;Czcibor;248;2000
Kissoñ;Wiêcerad;247;2000
Goyk;Hygin;246;2000
Ciuchciñski;Bart³omiej;245;2000
Kalala;Kandyd;244;2000
Miechoniecka;Kalistrat;243;2000
Bischaff;Bean;242;2000
Czisz;Salwin;241;2000
Nachman vel Nachmanowicz;Horacy;240;2000
Lamarska;Floryn;239;2000
Ilków;Albaniusz;238;2000
Licimiñski;Bogusz;237;2000
WoŸniewicz;Demetriusz;236;2000
Prowidieniec;£ukasz;235;2000
Wosch;Alojzy;234;2000
Jasieñ;Nehemiasz;233;2000
Po³tysik;Adrian;232;2000
Misanik;Heliasz;231;2000
Da³omis;Ulryk;230;2000
Kolaœnik;Kondrad;229;2000
Sochujko;W³oœcis³aw;228;2000
Œliwianka;Manfred;227;2000
Ciotuszyñski;Herkulan;226;2000
Augarten;Wiêces³aw;225;2000
B³achoniec;Werner;224;2000
Grodzki;Kurt;223;2000
Zio³añski;Miligost;222;2000
¯orowski;Witalian;221;2000
Chwi³oc-Fi³oc;Salwator;220;2000
¯egacz;Nahum;219;2000
Ciêciera;Przedpe³k;218;2000
Friemann;Dolores;217;2000
Paczulla;Jozue;216;2000
Solner;Skarbimierz;215;2000
Suszki;Cieszys³aw;214;2000
Po³atek;Lucjol;213;2000
K³aja;Nemezjusz;212;2000
Sztukiewicz;W³adymir;211;2000
Brejank;Augustyn;210;2000
Rapecki;Witold;209;2000
Ryczewo;Kajus;208;2000
Rodger;Strze¿ymir;207;2000
Miedziñski;Bogdan;206;2000
Chlan;Fides;205;2000
Pompo³owicz;Gorgoncjusz;204;2000
Koeslin;Wito³d;203;2000
Haertle;Eligiusz;202;2000
Elferd;Gawe³;201;2000
Wnykowski;Bogdan;200;2000
Ciozak;Œwieciech;199;2000
Magdaleñski;Budzimir;198;2000
Bogósiewicz;Juliusz;197;2000
Bziawa;Apoloniusz;196;2000
U³omek;Polikarp;195;2000
Howijka;Radomys³;194;2000
Kitajczyk;Bazylis;193;2000
Tallat;Edgar;192;2000
Niedergesachs;Sobies³aw;191;2000
Kuliszenko;Kalistrat;190;2000
Olców;Ferdynand;189;2000
Brunkeil;Cieszys³aw;188;2000
Hodkowski;Konstancjusz;187;2000
Zaj³o;Makary;186;2000
Lumperska;Niezamys³;185;2000
Perekidka;Trzebis³aw;184;2000
Orschel;Artemon;183;2000
Koról;Tomi³;182;2000
Tu³acz;Prochor;181;2000
Uscianowski;Delfin;180;2000
Koczfarska;Gaudencjusz;179;2000
Knajfel;Walter;178;2000
Relka;Jac³aw;177;2000
Praszczak-Tracz;Zbys³aw;176;2000
Ma³ogodzki;Prochor;175;2000
Szymiczek;Ewald;174;2000
Ba³baczyñski;Karol;173;2000
Nastro¿ny;Edward;172;2000
Oszymowski;Kajetan;171;2000
Zelaska;Lubomierz;170;2000
Orwaldi;Dobiemiest;169;2000
Wek³yk;Dolores;168;2000
Scigu³a;Adaukt;167;2000
Ribba;Les³aw;166;2000
Kondub;Ezechiel;165;2000
Grzywna;Mi³owan;164;2000
Grzenowicz;Nieznamir;163;2000
Bura³a;Bogurad;162;2000
Soryczyñski;Gedeon;161;2000
£ubis;Hadrian;160;2000
Kolaœny;Bo¿ys³aw;159;2000
Dermacki;Arseniusz;158;2000
Pawlicz;Konstans;157;2000
Po³koœnik;Miko³aj;156;2000
Rotmañski;Pelagiusz;155;2000
Horosiñska;Korneliusz;154;2000
Kemperman;Dragomir;153;2000
Szeible;Zenobiusz;152;2000
Srut;Metody;151;2000
Loba¿ewicz;Cecyliusz;150;2000
Pêcok;Uniewit;149;2000
Giedwojn;Salomon;148;2000
Adrjan;Izydor;147;2000
Wo³kowicki;Damaris;146;2000
Hombre;Stos³aw;145;2000
Lassu;Gebhard;144;2000
Podêbniak;Leoncjusz;143;2000
Stapka;Uriasz;142;2000
Poœpiesza³owski;Prot;141;2000
Repieczko;Samuel;140;2000
Karczmar;Achilles;139;2000
Wentland;Ambro¿y;138;2000
Jurokajæ;Borzymir;137;2000
Prietz;Bolebor;136;2000
Parubocza;Wojciech;135;2000
¯abiarek;Romuald;134;2000
Marucha;Bogus³aw;133;2000
Grêber;Szczêsny;132;2000
Po³ejko;Ambro¿y;131;2000
Karku³owski;Rajmund;130;2000
Skrz¹ca;Konstans;129;2000
Steffko;Nadbor;128;2000
Roceñ;Bronimir;127;2000
Pawelus;Dalebor;126;2000
Bart³omiejewska;Wasyl;125;2000
Irz;Trofim;124;2000
Szpieñ;Renat;123;2000
Szutkowicz;Radzis³aw;122;2000
Hrapek;Adrian;121;2000
¯yweniuk;Gerald;120;2000
Œwier¿añska;Floryn;119;2000
Steyczek;Donat;118;2000
Kejdel;Spycimir;117;2000
Chiberski;Antoni;116;2000
I³yk;Mœcis³aw;115;2000
Kudraszow;Siemiodrog;114;2000
Palaton;Pakosz;113;2000
Piotruszkiewicz;Henryk;112;2000
Hoehne;Teofil;111;2000
Chroœciechowski;Herbert;110;2000
Zdañczuk;Batszeba;109;2000
Rigall;Walenty;108;2000
Halbik;Radzimierz;107;2000
Giebieñ;Egbert;106;2000
Rakowitsch;Niegomir;105;2000
Tyrczyk;Wojciech;104;2000
Pawelecz;Oswald;103;2000
Bia³obrowicz;Krzesis³aw;102;2000
Bertnik;Gerald;101;2000
Doepner;Bonawentura;100;2000
Mosakiewicz;Mœcis³aw;99;2000
Martu³a;Uriasz;98;2000
Gdacz;Ariel;97;2000
Kamlak;Kewin;96;2000
Synowski;Spycis³aw;95;2000
Kodis;Kain;94;2000
Pleiznerowska;Zbros³aw;93;2000
Wójtanowska;Saul;92;2000
Buldoñ;Marek;91;2000
Krantz;Kurt;90;2000
Achiron;Galezy;89;2000
Kaltschmidt;Lubomierz;88;2000
Ferlichowska;Zbylut;87;2000
Szybuñ;Olaf;86;2000
Nowakoski;Jaros³aw;85;2000
Delebis;Dobrowój;84;2000
Pitoniak;Miromir;83;2000
Oczujda;German;82;2000
Strumi³³o;Edmund;81;2000
Broukard;Erhard;80;2000
Krucziñski;Wszemir;79;2000
Biersniew;Przemys³aw;78;2000
Cimicki;Sykstus;77;2000
Derlaciñski;Sykstus;76;2000
Rojze;Samson;75;2000
Rodu³a;Kajetan;74;2000
Landowicz;Mansfet;73;2000
Szopski;Borzywoj;72;2000
Brozuk;Boleczest;71;2000
Piayda;Zbys³aw;70;2000
Nikitiuk;Dezydery;69;2000
Gietruszczyk;Auksencjusz;68;2000
Milt;Aureliusz;67;2000
Kolpi;Maur;66;2000
Garbaczowska;Radomir;65;2000
Stanis³awicka;Benignus;64;2000
Omiljanowski;Emilian;63;2000
Su³ata;Agaton;62;2000
Wyporna;Elizeusz;61;2000
Proburzañski;Racis³aw;60;2000
Bohun;Domawit;59;2000
Krzywiniak;Wrócimir;58;2000
Kierkio;Platon;57;2000
Trzeciar;Amedeusz;56;2000
Niepokój;Sebald;55;2000
Habralski;Brodzis³aw;54;2000
Manowiec;Mœcibor;53;2000
Frentkiewicz;Erhard;52;2000
Kempara;Juliusz;51;2000
Ziegelheim;Jêdrzej;50;2000
Ma³goschewicz;Herman;49;2000
Jacunik;Grzegorz;48;2000
Dobraszkiewicz;Eustachy;47;2000
Siuchmiñski;Franciszek Salezy;46;2000
Sowizra³;Hygin;45;2000
Krzewic;Jurand;44;2000
Cho³odkowski;Makary;43;2000
Cielob¹k;Kondrad;42;2000
Zolnik;Kiry³;41;2000
Spêtany;Agaton;40;2000
Nowosiñski;Erazm;39;2000
Ho³owacienko;Gerhard;38;2000
Tykierka;Jan Kanty;37;2000
Lowczak;Mauryn;36;2000
Gwi¿ecki;Jazon;35;2000
Pieprznik;Pompejusz;34;2000
Gage;Natanael;33;2000
Eckmann;Oleg;32;2000
Tyszków;Alojzy;31;2000
Ochlast;Julian;30;2000
Sarda;Patrycjusz;29;2000
Szasik;Janis³aw;28;2000
Antypczuk;Dagobert;27;2000
B³a¿ejak;Leopard;26;2000
Zagrabelny;Teodor;25;2000
Juraszka;Radzis³aw;24;2000
Stasitis;Arkady;23;2000
Janczy;Gabin;22;2000
Amrocka;Amedeusz;21;2000
Œwigoda;Maksym;20;2000
Grzybowicka;Arnold;19;2000
Froissart;Goœcimir;18;2000
Kazadi;Niegomir;17;2000
Bi³owska;Odo;16;2000
Iliaszczenko;Cieszys³aw;15;2000
Hajduczek;Damian;14;2000
Mitlêga;Paschalis;13;2000
Ubda;Horacy;12;2000
Druch;Bo¿ywoj;11;2000
Mielaniak;Gotfryd;10;2000
Trznadlewski;Mas³aw;9;2000
Karzek;S¹domir;8;2000
Sobocian;Mojmir;7;2000
Uszpulowicz;Przemi³;6;2000
Wywrzynowicz;Gorzys³aw;5;2000
Bordkiewicz;Oktawian;4;2000
Wieschbrodt;Ernest;3;2000
Cyskler;Wrócis³aw;2;2000
Bêbnik;Borys³aw;1;2000
