Galantowski;Kazimierz;Kuszeman;Sara;1000;2005
Chrysztof;Rut;Staciukowicz;Ksawera;999;2005
Ledoń;Wojciech;Rabenda;Apolonia;998;2005
Smrek;Adolf;Bliźniecow;Potencjana;997;2005
Łowocki;Wyszesław;Zwiorek;Konradyna;996;2005
Kasimir;Wolfgang;Martynka;Witosława;995;2005
Pocherczuk;Ludosław;Giętko;Ksaweryna;994;2005
Jażykowska;Diogenes;Bonto;Jagna;993;2005
Butniewski;Auksencjusz;Klugman;Ścibora;992;2005
Kamieniczny;Sabin;Prele;Carmen;991;2005
Bzuńko;Albert;Kaczkowski;Epifania;990;2005
Hałubnik;Sylwin;Nymka;Adolfina;989;2005
Zda;Absalon;Rybnikow;Lucyna;988;2005
Gordejew;Łukasz;Knapiszewska;Jarmiła;987;2005
Cempo;Zbrosław;Fajwelewicz;Samuela;986;2005
Kipirzepa;Uniegost;Stalmaczonok;Manfreda;985;2005
Walbórg;Bazyli;Jodak;Dagmara;984;2005
Tareńko;Gerald;Gryguties;Gabriela;983;2005
Rechniewski;Witold;Goldenzweig;Telimena;982;2005
Skoczylos;Ferdynand;Hudalewska;Dagna;981;2005
Tobjas;Chryzant;Netzel;Świętomira;980;2005
Timko;Gorgoncjusz;Rążewski;Wilma;979;2005
Czomka;Maksym;Chrapska;Oksana;978;2005
Mielwiński;Marcin;Samolita;Dobromira;977;2005
Padyś;Tomił;Dziekowicz;Radomiła;976;2005
Śmiegucki;Andron;Lauberda;Pelagia;975;2005
Śliwieński;Konradyn;Bielard;Dąbrówka;974;2005
Strożczak;Ksawery;Füllbier;Glikeria;973;2005
Krzach;Sylwiusz;Konowalenko;Hanna;972;2005
Mirończyk;Siemowit;Bibrukiewicz;Magdalena;971;2005
Crane;Budzisz;Gazdziel;Odilla;970;2005
Krzeczunowicz;Gosław;Sauber;Eufemia;969;2005
Erts;Wilibald;Hütter;Beata;968;2005
Wotczuk;Ruben;Mozik;Milena;967;2005
Damaniak;Rodryk;Bezońska;Kazimiera;966;2005
Tabian;Sofroniusz;Rebenko;Amiceta;965;2005
Irachimowicz;Gerwazy;Gontorska;Jowita;964;2005
Semanycz;Engelbert;Jasiona;Narcyza;963;2005
Langrecka;Porfirion;Domszewicz;Ismena;962;2005
Kochnikiewicz;Dzierżysław;Ajbinder vel Sznek;Lilla;961;2005
Tymiański;Leopard;Kostelnicki;Lolita;960;2005
Paterałka;Teodozjusz;Jenczal;Anna;959;2005
Marchiewa;Cezariusz;Atamaniec;Ada;958;2005
Leonardzik;Apolinary;Pogrzebielski;Marita;957;2005
Szachner;Czcirad;Figorska;Sydonia;956;2005
Pułkotycki;Henryk;Jurcaba;Fabiola;955;2005
Pieszalka;Aleksander;Łabarowicz;Iwa;954;2005
Kłaczany;Uniewit;Rydziewski;Luiza;953;2005
Fuerguth;Szczęsny;Silbert;Waleriana;952;2005
Struch;Mirosław;Kaczuga;Modesta;951;2005
Wyczołek;Werner;Krumrik;Alberta;950;2005
Veltuzen;Daniel;Grochała;Sydonia;949;2005
Szewski;Teodozjusz;Swiac;Amiceta;948;2005
Gabalewicz;Częstomir;Whitney;Aisza;947;2005
Mykciński;Symeon;Mrowczyński;Alfonsyna;946;2005
Gąsienica-Mikołajczyk;Broniwoj;Simak;Paulina;945;2005
Cewkowicz;Więcemir;Zagałło;Urszula;944;2005
Brzezkiewicz;Zdzimir;Runkwicz;Eryka;943;2005
Dandik;Dziersław;Taczła;Filomena;942;2005
Woycicki;Wacław;Magierka;Amata;941;2005
Markociński;Placyd;Mikel;Gaudencja;940;2005
Kosztrzewa;Celestyn;Bohonoś;Rozalia;939;2005
Chodziutka;Miłogost;Zamościańska;Miranda;938;2005
Pierednia;Wiesław;Garwat;Adriana;937;2005
Harajda;Bertold;Gorzalnik;Dezyderia;936;2005
Kataniuk;Hygin;Obłamski;Domicela;935;2005
Mielczuk;Agenor;Duczyk;Edyta;934;2005
Nestorowicz;Konstancjusz;Bieniela;Fabia;933;2005
Gerontewicz;Miligost;Szombra;Huberta;932;2005
Wiemniak;Dobrowiest;Naskrecki;Bożena;931;2005
Łaptiew;Herman;Friz;Daria;930;2005
Janisch;Sobiesław;Chroboł;Teodora;929;2005
Frycholc;Erazm;Swadło;Dobroniega;928;2005
Mandzyk;Fryderyk;Komczak;Pelagia;927;2005
Tuske;Godzimierz;Cyppel;Adelina;926;2005
Żelezarczyk;Lenart;Brakoniecki;Lesława;925;2005
Grycok;Borysław;Tomaszek;Aniceta;924;2005
Stodolkiewicz;Ewaryst;Pośrednik;Aniela;923;2005
Zdawczyńska;Angel;Zegrocki;Maria;922;2005
Bouzek;Przemysł;Pyrzan;Ita;921;2005
Szmuchert;Mojżesz;Chrejer;Liberata;920;2005
Ormoniec;Roland;Suchala;Felicjana;919;2005
Nizgorski;Aureliusz;Zulpa;Magda;918;2005
Szechow;Jan Chryzostom;Kukiełło;Martyna;917;2005
Sztańc;Marcjal;Twardochlib;Aga;916;2005
Raszczuk;Atanazy;Gagła;Mariola;915;2005
Mordowiec;Mamert;Fasdryok;Bazylissa;914;2005
Keleczawa;Siestrzewit;Resner;Liza;913;2005
Dudzuńska;Arnolf;Trofim;Rościsława;912;2005
Smarź;Siemowit;Dedejko;Kwiryna;911;2005
Silarz;Stefan;Ramzia;Wojsława;910;2005
Cording;Krzesisław;Szpica;Milena;909;2005
Nastan;Salwator;Metner;Mironiega;908;2005
Tyrowski;Błażej;Biardyga;Emanuela;907;2005
Muchomor;Gustaw;Koschlik;Jagna;906;2005
Szytańska;Jan Gwalbert;Berewicz;Czesława;905;2005
Rossiwall;Kwiryn;Świstoń;Bożysława;904;2005
Olimski;Saturnin;Taszke;Maryna;903;2005
Stachur;Przybywoj;Miksik;Lena;902;2005
Rejmon;Ksenofont;Janczi;Marita;901;2005
Sygnerowicz;Chociemir;Bilarczyk;Zbigniewa;900;2005
Hołoda;Metody;Frich;Jadwiga;899;2005
Marszałak;Oswald;Szwaszlik;Ewelina;898;2005
Dawiel;Erhard;Swedrak;Teodoryka;897;2005
Gerela;Radzimierz;Sarkowski;Salome;896;2005
Baciarelli;Jonatan;Olst;Ksymena;895;2005
Burnchart;Miłowit;Szynacha;Telimena;894;2005
Poltaszewski;Bjorn;Ulowski;Ramona;893;2005
Krasik;Jonatan;Rembliński;Pęcisława;892;2005
Borowiczenko;Blizbor;Cer;Bernardyna;891;2005
Borowyj;Odon;Zilze;Marzena;890;2005
Trasper;Sulirad;Amnicki;Bogdana;889;2005
Ferdyń;Norman;Hluba;Augusta;888;2005
Rębała;Klemens;Guszczuk;Iwetta;887;2005
Bohrycewicz;Rościgniew;Munot;Ewdokia;886;2005
Feiler;Sewer;Strakłowiec;Imisława;885;2005
Złotos;Antoni;Linisz;Odilla;884;2005
Kozima;Wojsław;Beniamin;Szczęsna;883;2005
Zegardło;Placyd;Balczerek;Sylwia;882;2005
Wywios;Biernat;Różana;Barbara;881;2005
Olijewski;Grzymisław;Bera;Biruta;880;2005
Norjak;Więcemir;Enzfellner;Mironiega;879;2005
Benno;Janisław;Worogal;Helena;878;2005
Ponaczewna;Zenobiusz;Miedejszo;Augusta;877;2005
Chucuł;Amin;Samiec;Urszula;876;2005
Nanzka;Baltazar;Tuliks;Ligia;875;2005
Trepała;Bogusąd;Małyj;Gertruda;874;2005
Pazdryga;Włodzimir;Felberczuk;Grażyna;873;2005
Blesel;Ado;Wenczak;Lubomiła;872;2005
Dremzo;Felicysym;Kaslewicz;Daria;871;2005
Flotczuk;Lechosław;Chryżko;Adela;870;2005
Kajko;Wszerad;Gruszczkowski;Areta;869;2005
Łatnik;Sulpicjusz;Zachanik;Radosława;868;2005
Kaniewicz;Chwalibóg;Szroka;Prakseda;867;2005
Pałencki;Beatryks;Żupalska;Ingeborga;866;2005
Brzdękiewicz;Drogomysł;Cymbalak;Dawida;865;2005
Pietreszewska;Dawid;Malura;Abigail;864;2005
Portkowski;Amos;Groździej;Ilza;863;2005
Hrubesz;Wojmir;Trubecki;Bernardeta;862;2005
Reciek;Ziemisław;Żrebiel;Ścibora;861;2005
Nichwiejczyk;Ageusz;Gansczyk;Irma;860;2005
Słopczyńska;Dalemir;Huszakowski;Gertruda;859;2005
Jasnik;Fortunat;Dobera;Mirosława;858;2005
Patrowska;Rościmir;Gluża;Fabiola;857;2005
Kunderewicz;Addar;Fodymski;Blandyna;856;2005
Szenikowska;Parys;Ejswil;Dobromiła;855;2005
Lefort;Trzebowit;Ilacka;Nonna;854;2005
Czeppan;Łękomir;Adryanowicz;Eryka;853;2005
Betherska;Eberhard;Mamola;Gilda;852;2005
Bartyk;Godzisz;Charłam;Rebeka;851;2005
Ślusarczyk;Siemirad;Zbitowicz;Wisława;850;2005
Smelster;Jędrzej;Hagamajer;Anatolia;849;2005
Sobuń;Micheasz;Dziudzińska;Kunegunda;848;2005
Horstman;Chociemir;Lamryczak;Begina;847;2005
Domów;Sieciesław;Ławrosewicz;Wszemiła;846;2005
Szarfeter;Serwacy;Kucan;Flawia;845;2005
Ryzmar;Kalikst;Mędziński;Wilhelmina;844;2005
Buszakowska;Apollo;Dązbłaż;Ilza;843;2005
Wroszczyk;Bohdan;Zimand;Dobrochna;842;2005
Mortz;Domasław;Krzyszcz;Linda;841;2005
Bagmowska;Arnolf;Halporn;Carmen;840;2005
Gradara;Felicysym;Fojkis;Iwetta;839;2005
Fak;Dragomir;Genek;Sawa;838;2005
Bodzia;Agapit;Piskalski;Zelmira;837;2005
Taralas;Wiesław;Lichtenbaun;Felicyta;836;2005
Franckie;Herakles;Radziwonek;Bożena;835;2005
Fiszerbrandt;Wojbor;Węgierak;Milena;834;2005
Dolmiak;Erast;Traugutt;Karolina;833;2005
Dubetowski;Dobrociech;Miękki;Cezara;832;2005
Chyjek;Zbrosław;Pomrowicz;Beata;831;2005
Curry;Ignacy;Hytryn;Miranda;830;2005
Meysztowicz-Dudziak;Dobrogost;Rożenowicz;Kamila;829;2005
Sedelec;Wyszemir;Teperkiewicz;Karena;828;2005
Bargiett;Hugon;Kwada;Asteria;827;2005
Wronczewski;Telesfor;Nimsz;Dalila;826;2005
Gaworzewski;Ziemisław;Niestek;Boguta;825;2005
Bachleda Prażec;Abdon;Męch;Konrada;824;2005
Czeczenikow;Gabin;Majzels;Więcesława;823;2005
Dytko;Żyrosław;Sobieniak;Wrócisława;822;2005
Gostał;Burchard;Łopulski;Wilhelmina;821;2005
Mirela;Krzesimir;Stegenga;Jerosława;820;2005
Sygacka;Pakosław;Dominiczyk;Amelia;819;2005
Deroń;Abraham;Kuziemła;Oda;818;2005
Kwittek;Roch;Kasetka;Iga;817;2005
Bansemejer;Anicet;Wiergan;Kunegunda;816;2005
Westhal;Wawrzyn;Dybisz;Magda;815;2005
Topadło;Gaudenty;Biaszkowski;Świętosława;814;2005
Maciążyk;Stojsław;Podfigurny;Erazma;813;2005
Fedorczenko;Dzierżykraj;Czaradzki;Halka;812;2005
Barci;Bogusz;Wardrzyk;Irma;811;2005
Bieniakowski;Grzymisław;Herdliczko;Oda;810;2005
Krzagolec;Flawian;Tychmonowicz;Adriana;809;2005
Birytko;Sławobor;Lechtońska;Apolonia;808;2005
Bogut;Włościsław;Chrypanow;Irmina;807;2005
Kny;Gościsław;Hożyń;Świętomira;806;2005
Wrzasok;Świętobor;Krystyjańczuk;Marianna;805;2005
Eichmann;Jaczewoj;Płomka;Rachela;804;2005
Grzegorzak;Radogost;Joch;Boguchwała;803;2005
Wzacna;Bertram;Pakusiński;Aldona;802;2005
Uliesz;Mamert;Francosz;Strzeżysława;801;2005
Medzkiewicz;Sebastian;Bogusławski vel Dobrosła;Prakseda;800;2005
Jeroszuk;Sędziwoj;Fredrikson;Kesja;799;2005
Berstowski;Budzisław;Łabuzuk;Lucyna;798;2005
Ostrogski;Liwiusz;Zbrojewicz;Asteria;797;2005
Domkowski;Hortensjusz;Gerbig;Ernesta;796;2005
Kweller;Lew;Weikert;Aneta;795;2005
Potrzebisz;Seweryn;Sokulski;Jewdocha;794;2005
Beszta-Borowski;Salwin;Keitel;Laurentyna;793;2005
Szmagur;Przybyrad;Berman vel Borkowski;Gloria;792;2005
Kaszuwara;Świętobor;Kuligowicz;Kolombina;791;2005
Pszciuk;Andron;Asman;Feliksa;790;2005
Kawańka;Gorzysław;Artychowicz;Margareta;789;2005
Kowar;Benedykt;Szczeka;Helena;788;2005
Wilecki;Innocenty;Folwarczny;Stanisława;787;2005
Kosyba;Będzimir;Tajdelska;Amelia;786;2005
Steczak;Samuel;Waluntkowska;Mirosława;785;2005
Opałacz;Beatryks;Budnaczyńska;Jarmiła;784;2005
Nawoik;Niedamir;Drzewuś;Justyna;783;2005
Bargieła;Przecław;Krzyszek;Perpetua;782;2005
Pierzchła;Więczysław;Bługow;Prakseda;781;2005
Strzępa;Wiesław;Trofiuk;Amadea;780;2005
Pierzina;Bazylis;Kornuluk;Pamela;779;2005
Zachłowski;Wielisław;Kakuba;Agata;778;2005
Frizel;Oskar;Trymarska;Juda;777;2005
Ameljańczyk;Darosław;Doroszycka;Serafina;776;2005
Szuławski;Metody;Uhrich;Ifigenia;775;2005
Rapczun;Dobrosław;Machora;Mścisława;774;2005
Pałcik;Sądomir;Pachole;Kesja;773;2005
Winklewicz;Lubosław;Wrotyński;Brygida;772;2005
Własowicz;Cieszyrad;Krotkowski;Warwara;771;2005
Rożok;Piotr;Schülke;Emilia;770;2005
¬liż;Przesław;Siarmacka;Emanuela;769;2005
Chanaj;Bogumił;Rakowicz-Raczyński;Bożeciecha;768;2005
Gamrotek;Konstanty;Homkiewicz;Dziersława;767;2005
Szyłobód;Martynian;Bzok;Rozalia;766;2005
Mędrzycki;Michał;Merszel;Zdzisława;765;2005
Niestorowicz;Lubor;Tofliński;Celina;764;2005
Brudziłowska;Julian;Saade;Kunegunda;763;2005
Skobajlo;Kajus;Szelwika;Tadeusza;762;2005
Rokiczan;Irydion;Saterski;Jaśmina;761;2005
Pieluszczak;Wróciwoj;Wójtyczok;Teodozja;760;2005
Graff;Przemysław;Szober;Waleria;759;2005
Sowzdargo;Absalon;Hincewicz;Debora;758;2005
Brakator;Zbyszko;Grołła;Wera;757;2005
Kieljotis;Boleczest;Ficzygowski;Świętosława;756;2005
Wiżbicki;Błażej;Campa;Benedykta;755;2005
Korot;Leodegar;Osadek;Rufina;754;2005
Szterk;Dariusz;Szmand;Justyna;753;2005
Uruzaj;Teofil;Dyrhacz;Metoda;752;2005
Kryszuska;Hiacynt;Aruszewicz;Eugenia;751;2005
Bergholz;Paschalis;Chaberkowski;Milenia;750;2005
Zapoła;Ageusz;Szprych;Romana;749;2005
Klabś;Dobrosław;Zdobiech;Benita;748;2005
Silicki;Dadąbog;Kolm;Mina;747;2005
Mamut;Waleriusz;Milart;Aurelia;746;2005
Bortoszewicz;Ksawery;Ginka;Aurela;745;2005
Czekurłam;Żytomir;Zeltel;Erwina;744;2005
Kropor;Przemysł;Leschinger;Ciechosława;743;2005
Ujwar;Kanut;Thaut;Kamilla;742;2005
Piopczyk;Pafnucy;Bujacz;Domicela;741;2005
Kowalowski;Wojciech;Czocholewicz;Radzisława;740;2005
Migonis;Godfryd;Wycior;Ulryka;739;2005
Benkiewicz;Józef;Nuczak;Tomisława;738;2005
Prynowicz;Sławoj;Krajos;Violetta;737;2005
Gleśman;Włodziwoj;Łoźny;Romana;736;2005
Pietrewska;Sergiusz;Szerniewicz;Dobiesława;735;2005
Mikitnik;Włodzisław;Diedrich;Sara;734;2005
Śmirzewski;Waleriusz;Adańkiewicz vel Piragas;Czesława;733;2005
Fenersenger;Ksenofont;Sosso;Tomisława;732;2005
Skanderbeg;Burchard;Zgadzaj;Dobiesława;731;2005
Kołodróbski;Jakub;Zgirski;Balbina;730;2005
Sapis;Sewerian;Krawczak;Godzisława;729;2005
Nabożny;Bronisław;Harła;Klotylda;728;2005
Ancinger;Bernard;Senkala;Będzisława;727;2005
Rumpczik;Więczysław;Srema;Edwarda;726;2005
Przychodnik;Drogomir;Telug;Sławomira;725;2005
Dygórski;Hegezyp;Bohdanowicz;Aspazja;724;2005
Olszterowicz;Ulryk;Sosnowski;Estera;723;2005
Dombrzycz;Dobrowój;Fajgenberg;Atanazja;722;2005
Hawaryszko;Konrad;Tawerski;Nikita;721;2005
Szafiński;Radowit;Taczata;Żanna;720;2005
Łannicki;Bazylis;Zwilinkowski;Kamilla;719;2005
Karbańska;Ludomir;Amanowski;Gracja;718;2005
Sugut;Odo;Maluśki;Wiesława;717;2005
Grązielewska;Beatryks;Anzorge;Adria;716;2005
Szoszler;Klaudian;Krzech;Kordula;715;2005
Zboźniak;Nestor;Frystatzki;Adolfina;714;2005
Głabiszewska;Więcesław;Petlic;Domicela;713;2005
Morjańska;Sulibor;Haładewicz;Bogdana;712;2005
Scibik;Herakles;Kococik;Maryla;711;2005
Szabtowski;Ernest;Świackiewicz;Eligia;710;2005
Warniałło;Bogusław;Ryngwolski;Teodozja;709;2005
Sinkler;Wenancjusz;Garnczarek;Adelajda;708;2005
Bizan;Ursyn;Boroszewski;Aniela;707;2005
Hassan;Borzywoj;Zdziniecka;Rozyna;706;2005
Szuras;Gilbert;Ewais;Hilaria;705;2005
Boryszko;Salwin;Marszałkowski;Aldona;704;2005
Bokata;Krzesisław;Gniba;Wacława;703;2005
Kaziukajtis;Goliat;Krasik;Dobiesława;702;2005
Kotlimowski;Zdzimir;Świstak;Tworzysława;701;2005
Somkowicz;Wszebąd;Płuch;Malina;700;2005
Grądwald;Florenty;Alberty;Bronisława;699;2005
Mazonek;Siestrzewit;Sajtkowska;Walentyna;698;2005
Nechutny;Żyrosław;Amel;Marcjanna;697;2005
Dessoulavy;Donat;Barług;Nonna;696;2005
Barleczko;Konrad;Demeszuk;Dzierżysława;695;2005
Stężniok;Wawrzyn;Dubeltman;Demetria;694;2005
Kwieceń;Parys;Kaciubiński;Aida;693;2005
Zółć;Odon;Krzewinka;Konrada;692;2005
Brysławski;Janisław;Czipiela;Hermina;691;2005
Lidebny;Marcjan;Sobocan;Ida;690;2005
Muradzińska;Sulpicjusz;Derub;Ksaweryna;689;2005
Grudziń;Jan Gwalbert;Rejmus;Rebeka;688;2005
Korziej;Wieńczysław;Rytel-Kuc;Kasjana;687;2005
Kortkiewicz;Alan;Fąs;Iryda;686;2005
Burdy;Mojżesz;Kołdyński;Augusta;685;2005
Ślaskowicz;Charyzjusz;Druko;Józefa;684;2005
Hiker;Dzierżymir;Sobudzki;Eligia;683;2005
Poczarski;Czesław;Temczuk;Prakseda;682;2005
Spajcer;Klaudiusz;Niewolak;Hanna;681;2005
Witaszek;Redogort;Baczała;Bryda;680;2005
Jędrzejek;Malwin;Zdżański;Niegosława;679;2005
Chałanycz;Sulibor;Fandrzejewska;Wiera;678;2005
Howon;Mścigniew;Brożka;Greta;677;2005
Piekielny;Kwiryn;Chwiczor;Herminia;676;2005
Grudziecki;Edmund;Hwastek;Sylwia;675;2005
Gierczakowski;Ziemisław;Wandalska;Gerarda;674;2005
Drefs;Dobrowit;Kostach;Berna;673;2005
Herde;Gościmir;Ausiuk;Aga;672;2005
Pokajewicz;Oliwier;Kocociuk;Boguwola;671;2005
Oryszczak;Przemił;Konofliczek;Miranda;670;2005
Rudzańska;Angelus;Jędżejewski;Ewelina;669;2005
Simiawski;Cieszysław;Komorniak;Irma;668;2005
Szyszlak;Niecisław;Śniegórski;Leonarda;667;2005
Grombka;Felicysym;Mętecki;Włościsława;666;2005
Denieusz;Bazyl;Góredka;Metoda;665;2005
Grydziuk;Jan Chryzostom;Myczka;Wilhelmina;664;2005
Voelkner;Parys;Twerd;Hermenia;663;2005
Denza;Izydor;Kłodzikowska;Natasza;662;2005
Kumpiec;Radek;Rozdzialik;Kwiryna;661;2005
Piłus;Radzisław;Aktunowicz;Adolfina;660;2005
Bacik;Zdobysław;Wużyk;Przybysława;659;2005
Filmowicz;Bolemysł;Sochodół;Seweryna;658;2005
Zygał;Burchard;Schandrach;Dionizja;657;2005
Kosiulewicz;Sulisław;Kulmaga;Angela;656;2005
Rojek-Sobótka;Prosimir;Trójaniak;Wiwanna;655;2005
Biennebesel;Mirosław;Godzejewska;Rebeka;654;2005
Nikołowa;Godzimir;Masztanowicz;Lucylla;653;2005
Merkert;Henryk;Kokarczyk;Julia;652;2005
Chołabis;Będzisław;Szupryciński;Teofila;651;2005
Rothert;Adaukt;Pawenda;Halka;650;2005
Rzonkiewicz;Bazylid;Tobało;Kaliksta;649;2005
Bromisz;Zorian;Zachajka;Oriana;648;2005
Bułk;Ali;Biszczad;Rozyna;647;2005
Przypoliński;Zdziwoj;Arabkowicz;Kalina;646;2005
Ławny;Biernat;Godzieszewska;Roberta;645;2005
Czyrk;Jerzy;Benisiewicz;Sędzisława;644;2005
Kozikowski;Jonatan;Bawół;Liliana;643;2005
Witner;Hadrian;Kanterowicz;Malina;642;2005
Sawułka;Sieciech;Mlazga;Zofia;641;2005
Pietrzak vel Piotrowska;Lutomysł;Sołdecki;Konradyna;640;2005
Pugawska;Jacław;Garmider;Wacława;639;2005
Gamski;Sędziwoj;Żubrzyńska;Beatrycze;638;2005
Kalnik;Egbert;Dzierzok;Kosma;637;2005
Wójtowski;Job;Chejman;Lilianna;636;2005
Ramoniuk;Fabian;Stefania;Rebeka;635;2005
Krecewski;Bazylid;Kryszowiak;Oliwia;634;2005
Pitasz;Hermenegild;Heinzelman;Orchidea;633;2005
Ofenberg;Maksymilian;Katerzubek;Begina;632;2005
Drzemianko;Dobiesław;Flicki;Przybysława;631;2005
Zimiołek;Justyn;Krzywkulska;Radosława;630;2005
Szweika;Gracjan;Kużbiński;Marika;629;2005
Anterski;Skarbimierz;Mikuczeński;Selma;628;2005
Dzięgiel vel Dzięgielewski;Lucjol;Rozyn;Bożena;627;2005
Kurlada;Budzisław;Mosiur;Lamberta;626;2005
Żontoł;Odyseusz;Kilaska;Bronisława;625;2005
Tekowska;Wiktorian;Puła;Lilla;624;2005
Kubissa;Zefiryn;Kostack;Dominika;623;2005
Seremak;Agenor;Latruszak;Żaneta;622;2005
Smorak;Wróciwoj;Skorko;Wiesława;621;2005
Szawryn;Benedykt;Mey;Żaklina;620;2005
Łużycki;Sławomir;Traczykiewicz;Tamara;619;2005
Gutasz;Nemezjusz;Dolebski;Kalina;618;2005
Szajba;Zdzimir;Poradzewski;Swietłana;617;2005
Rzeppka;Odon;Rójszczyk;Chwalisława;616;2005
Salejew;Witalis;Sabantka;Luiza;615;2005
Goyke;Długosz;Bialoskowski;Sofia;614;2005
Florea;Domawit;Zeliga;Hipolita;613;2005
Dafczyński;Maksym;Malenczak;Marcelina;612;2005
Dalbek;Beatus;Groborz;Łucja;611;2005
Derżynkiewicz;Klaus;Biegier;Kesja;610;2005
Weimann;Bożebor;Kopryna;Pelagia;609;2005
Chrupajło;Laurenty;Echilczuk;Stanisława;608;2005
Szelkowski;Mamert;Trajgut;Trzebisława;607;2005
Kelak;Mojmir;Mąke;Gallina;606;2005
Olhow;Demokryt;Brelak;Georgina;605;2005
Lodzik;Batszeba;Kietrzyk;Scholastyka;604;2005
Jędrychewicz;Nelly;Charytaniak;Placydia;603;2005
Rokota;Mieczysław;Kurdyn;Longina;602;2005
Knyblewski;Chociemir;Petruniuk;Adria;601;2005
Wyderkowski;Gabriel;Masieniak;Dyzma;600;2005
Matełusiak;Szczepan;Smalgren;Kolombina;599;2005
Legienc;Radek;Kirkiło;Oswalda;598;2005
Pieciutkiewicz;Arnolf;Michata;Marzena;597;2005
Wajżer;Bolemysł;Płachotna;Domisława;596;2005
Grańców;Remigiusz;Obłęk;Franciszka;595;2005
Przyjaciel;Filip;Woskresieński;Cyriaka;594;2005
Jarisz;Klement;Jaźwikowska;Talita;593;2005
Dziemgowska;Duszan;Jagrot;Mira;592;2005
Kiepa;Ernest;Karpowicz;Wirginia;591;2005
Kmiecik-Bocheński;Domasław;Skorluk;Ilia;590;2005
Puzinowski;Święcimir;Nurnberg;Tamara;589;2005
Szkilewska;Horacjusz;Leyda;Ingrida;588;2005
Jakszycki;Idzi;Czerko;Trzebisława;587;2005
Talejum;Jordan;Gieres;Adolfina;586;2005
Galiszek;Godzimierz;Pienga;Natasza;585;2005
Pędrakowski;Justynian;Każdzioł;Alma;584;2005
Nebout;Niezamysł;Bratównik;Martyna;583;2005
Loszewska;Włodziwoj;Dresser;Luba;582;2005
Ostawowska;Kasper;Lemankiewicz;Bożeciecha;581;2005
Błochowicz;Agenor;Horodeczna;Świętosława;580;2005
Diet;Fabrycy;Domatewska;Lidia;579;2005
Karcmarz;Zefiryn;Arbamowicz;Kryspina;578;2005
Czuchwicki;Godzisz;Hyrdek;Warwara;577;2005
Biderowska;Wadim;Szaramaga;Szczęsna;576;2005
Bekaz;Cieszygor;Korzenicki;Rajmunda;575;2005
Hassel;Gniewosz;Węglewicz;Mindora;574;2005
Wrzaua;Blizbor;Baduna;Tomisława;573;2005
Babecki;Wierzchosław;Staroszek;Klotylda;572;2005
Ciunik;Przesław;Hrynkowska;Waleriana;571;2005
Bałenda;Magnus;Odrowąż-Sypniewski;Amalia;570;2005
Miziołkowska;Wróciwoj;Chaborka;Klementyna;569;2005
Skotnicza;Przybymir;Koscian;Mechtylda;568;2005
Wiatr;Lenart;Mokrzysiak;Gracja;567;2005
Gitlarz;Mścibor;Bielny;Kesja;566;2005
Stasiarczyk;Korneliusz;Szabek;Ciechosława;565;2005
Mielnikowicz;Albin;Koczałek;Modesta;564;2005
Folczykowska;Grzymisław;Makne;Wisława;563;2005
Kasel;Prudencjusz;Stelegowska;Placydia;562;2005
Patris;Wiktorian;Sapier;Apolonia;561;2005
Kietka;Nikanor;Jambór;Paula;560;2005
Bondo;Siemirad;Irna;Paloma;559;2005
Mochylski;Honorat;Polanskyj;Demetria;558;2005
Wawrząnkowska;Prudencjusz;Klapo-Malczyk;Tekla;557;2005
Stigwan;Agenor;Frentowska;Aga;556;2005
Antasik;Wojciech;Berlus;Rajmunda;555;2005
Łomza;Przybymir;Biczewski;Samanta;554;2005
Guttenberger;Pęcisław;Ruca;Koleta;553;2005
Fons;Eberhard;Korzewiecki;Żegota;552;2005
Kaforowski;Zbyszko;Grendel;Iwa;551;2005
Gauzka;Ziemisław;Mielniak;Katarzyna;550;2005
Falasek;Dobiesław;Melczewicz;Nina;549;2005
Handkus;Stojgniew;Drązewski;Kryspina;548;2005
Polsakiewicz;Gościrad;Kłosieski;Lubomiła;547;2005
Brody;Wojmir;Englaender;Pryscylla;546;2005
Homaniec;Nestor;Orzyński;Dalila;545;2005
Szliski;Lucjan;Drzezla;Miła;544;2005
Kieszonkowski;Alfred;Rozenbaum;Julita;543;2005
Petyka;Wrócisław;Ziębiński;Nadia;542;2005
Redemerska;Mścibor;Gzuper;Świętochna;541;2005
Brtoń;Gabor;Szczoska;Martyna;540;2005
Etinger;Zdzimir;Reneson;Adelina;539;2005
Kirykiewicz;Lewin;Kurkulewicz;Marta;538;2005
Koryda;Ewald;Oglaniec;Narcyza;537;2005
Żarlewska;Sylwin;Skrzyrzewski;Balbina;536;2005
Rentflajsz;Lubogost;Olinowicz;Telisława;535;2005
Płuciński;Boleczest;Wejtko;Ludomira;534;2005
Bougle;Niemir;Lippka;Rita;533;2005
Trędziuk;Karin;Flioger;Paulina;532;2005
Broks;Drogomił;Konstowicz;Dalila;531;2005
Wermijewicz;Olaf;Kopijak;Lesława;530;2005
Rodolińska;Długosz;Tombarkiewicz;Lea;529;2005
Batulik;Lechosław;Nawszkiewicz;Marlena;528;2005
Skarbnik;Domosław;Gleński;Bożysława;527;2005
Nabak;Kajus;Dąblowski;Eufemia;526;2005
Chropowicz;Antoni;Rajner;Gardenia;525;2005
Korfel;Miromir;Malinowicz;Magdalena;524;2005
Sołonynka;Jan Kanty;Betkier;Bazylissa;523;2005
Zabazny;Goar;Mozielewska;Augustyna;522;2005
Karal;Pudens;Mulanin;Waldemara;521;2005
Kleinstück;Torpet;Babis;Pamela;520;2005
Damiątka;Tolisław;Wielograf;Rachela;519;2005
Gagolińska;RenĂÂ©;Dygało;Telimena;518;2005
Sebrala;Iwon;Margan;Judyta;517;2005
Karazińska;Przemił;Kretschner;Ewelina;516;2005
Kożarkiewicz;Wespazjan;Eisfeld;Mira;515;2005
Oktabiński;Żytomir;Proveniers;Kolombina;514;2005
Sztelter;Rainer;Wolczyszyn;Adolfa;513;2005
Przecherka;Konstans;Stryczniewicz;Tatiana;512;2005
Tacholak;Konradyn;Roczyk;Władysława;511;2005
Łud;Jan Kanty;Sulęgowska;Florentyna;510;2005
Sensmęcki;Wiaczesław;Jaron;Swetłana;509;2005
Łóżewicz;Lenart;Tałajko;Mirosława;508;2005
Kaspierczyk;Odo;Renspis;Gizela;507;2005
Dalla;Florian;Szwenkiel;Kinga;506;2005
Gurawiec;Morzysław;Bukań;Symforiana;505;2005
Wiedeńczyk;Józefat;Tuczenko;Malina;504;2005
Stapyra;Domarad;Lemaniak;Cyriaka;503;2005
Bolesza;Amin;Jadnik;Amelia;502;2005
Drozniak;Jan Kanty;Pierośkiewicz;Ignacja;501;2005
Uziński;Herbert;Strupagiel;Kornelia;500;2005
Fesołowicz;Humbert;Samociuch;Alfreda;499;2005
Bohajło;Asteriusz;Farbota;Ingrida;498;2005
Grzechczyk;Uriasz;Smietalski;Eufrozyna;497;2005
Baryło;Jan Chryzostom;Chrobot;Inez;496;2005
Rożdżejewska;Hygin;Purchała;Wenesa;495;2005
Żydło;Prudencjusz;Jeryszewski;Leonia;494;2005
Sebrała;Aureliusz;Fludek;Rozanna;493;2005
Gruchnik;Sławomir;Bordaś;Włodzisława;492;2005
Klemann;Roch;Musialewski;Aurelia;491;2005
Czwejkowska;Leon;Damianiuk;Eufemia;490;2005
Kontratowicz;Magnus;Charłańska;Manfreda;489;2005
Tallarek;Antoni;Sankowicz;Waldemara;488;2005
Totoszko;Budziwoj;Junkiewicz;Nora;487;2005
Hincingier;Gedeon;Puzgan;Maura;486;2005
Cełep;Hortensjusz;Kocyl;Matylda;485;2005
Delawar;Leodegar;Styrnol;Debora;484;2005
Kuzior;Zbigniew;Ćwiekliński;Greta;483;2005
Gojaniuk;Twardosław;Talmont;Kosma;482;2005
Dremno;Zygfryd;Ropycz;Ludomiła;481;2005
Filasiński;Niecisław;Rylic;Hiacynta;480;2005
Serbska;Tomasz;Króliczyk;Ewa;479;2005
Wozak;Gniewosz;Słoma;Marzena;478;2005
Dziodzioch;Mokij;Grzanka;Faustyna;477;2005
Milkosz;Lambert;Małachwiejew;Blanka;476;2005
Rousar;Zdzimir;Przeglo;Szczęsna;475;2005
Wosab;Hugo;Topór-Mądry;Dina;474;2005
Niesterak;Ostap;Zakrecki;Ludwina;473;2005
Parfiniuk;Odo;Tompczyk;Benedykta;472;2005
Milichewicz;Tyburcjusz;Pryjmicz;Łucja;471;2005
Gustro;Oktawian;Kopciejewski;Henryka;470;2005
Bisiór;Dobrogniew;Lamącka;Aida;469;2005
Himstedt;Racisław;Michajłuszko;Jolanta;468;2005
Gątnica;Sławoj;Fandrat;Wiwanna;467;2005
Menpel;Miron;Sardow;Karena;466;2005
Riczanek;Ostap;Chwoła;Wiktoryna;465;2005
Steinmec;Ezdrasz;Porembalski;Nina;464;2005
Gwożdziewicz;Witalis;¬mierczak;Milena;463;2005
Osier;Chociemir;Treutler de Traubenberg;Marcela;462;2005
Pitołaj;Leopold;Narożna;Kira;461;2005
Geidzek;Bolesław;Dejniszewska;Franciszka;460;2005
Giełbaga;Domosław;Januchowicz;Hermina;459;2005
Jacoński;Chociemir;Prygiel;Linda;458;2005
Pukarowski;Symeon;Kiebel;Ingrida;457;2005
Wasiałkowska;Unimir;Doma;Maja;456;2005
Powietzko;Longinus;Wermiejewicz;Oksana;455;2005
Hommernik;Jan;Jedzis;Marta;454;2005
Mukowozczik;Przesław;Zętek;Miranda;453;2005
Ziuziański;Drogomił;Markiefka;Aneta;452;2005
Reguleński;Częstomir;Krojcarek;Dajana;451;2005
Meszchna;Rodryk;Schwach;Kamilla;450;2005
Obrączkiewicz;Czech;Zbajczek;Prakseda;449;2005
Dziejka;Benicjusz;Pogodzik;Heloiza;448;2005
Kapodak;Apollo;Misialski;Ruta;447;2005
Pieła;Boguchwał;Dykiert;Irma;446;2005
Stawniewicz;Artur;Machaczka;Ifigenia;445;2005
Stomian;Salwator;Senetry;Romana;444;2005
Angutek;Bertrand;Niespelak;Abigail;443;2005
Karnafal;Zdobysław;Thiery;Ditta;442;2005
Grabczak;Męcimir;Smoczak;Alfreda;441;2005
Trarzewski;Czcisław;Malejska;Sławomira;440;2005
Berdysińska;Mirogniew;Holtstein;Bogna;439;2005
Wawrzyniczek;Skarbimierz;Melfierd;Irena;438;2005
Bijlema;Herkules;Celczyński;Madlena;437;2005
Nawroth;Miłosław;Kielo;Karina;436;2005
Urdzoń;Malkolm;Pierwiniecki;Liza;435;2005
Wcisły;Morzysław;Pietrosian;Kunegunda;434;2005
Wąsiela;Dawid;Blankenhaus;Celina;433;2005
Stemerowicz;Asteriusz;Łęczniak;Ernesta;432;2005
Wochyń;Benignus;Reknagel;Cieszysława;431;2005
Komaiszko;Libert;Kawłas;Ifigenia;430;2005
Bojór;Kilian;Kleybor;Krzesisława;429;2005
Kmott;Dobrowiest;Cyrcan;Szarlota;428;2005
Skorubowicz;Afanazy;Kiroński;Żegota;427;2005
Sewastianik;Pafnucy;Miedziarczyk;Witosława;426;2005
Krzyszczuk;Dobiesław;Duborny;Żaklina;425;2005
Chlasta;Szymon;Tolksdorf;Joachima;424;2005
Kisało;Adalbert;Biziel;Roma;423;2005
Molkenti;Miligost;Beliś;Czcibora;422;2005
Grzyciuk;Herakliusz;Prongal;Ewelina;421;2005
Bałorz;August;Golab;Tomira;420;2005
Szlempek;Martynian;Mycawka;Justyna;419;2005
Gellen;Unimir;Cebert;Marianna;418;2005
Rzewucki;Magnus;Sirch;Dobrochna;417;2005
Świerepa;Roderyk;Łazudziewicz;Agnieszka;416;2005
Milius;Bronisław;Sanbowska;Miłosława;415;2005
Stoklas;Bernard;Fieden;Leontyna;414;2005
Bał;Kondrad;Bohlin;Sulisława;413;2005
Goliczka;Rufin;Marjuszycz;Adela;412;2005
Konotz;Nadmir;Keczer;Hiacynta;411;2005
Pichurko;Lubomysł;Jaraszewicz;Ofelia;410;2005
Płaskojec;Natalis;Małnica;Samanta;409;2005
Zogbaum;Masław;Ropik;Aldona;408;2005
Żelazkiewicz;Masław;Grygosz;Mirabella;407;2005
Stigańcow;Daniel;Szczepkowski;Eulalia;406;2005
Adula;Wiktorian;Motyliski;Rudolfina;405;2005
Mohort;Dionizjusz;Podsońska;Materna;404;2005
Szcześciuk;Damaris;Bołot;Marina;403;2005
Rusakiewicz;Gabor;Szwajcarzewski;Perpetua;402;2005
Hartlewska;Herman;Cobkała;Sulimiera;401;2005
Ruszka;Władysław;Bernes;Michalina;400;2005
Celtner;Mokij;Surgiera;Jerosława;399;2005
Zgodka;Symeon;Szrebejko;Marzanna;398;2005
Gibuta;Barnaba;Kudłak;Ksenia;397;2005
Gzaja;Helmut;Kręcisz;Emanuela;396;2005
Czerniło;Zbylut;Oik;Margot;395;2005
Klir;Lew;Sapan;Samuela;394;2005
Lewulis;Wrzesław;Krączek;Gardenia;393;2005
Sewastianik;Stronisław;Napałko;Jagna;392;2005
Brzychcy;Beatryks;Łogonowicz;Liberata;391;2005
Krosiendowicz;Adaukt;Owczarów;Carmen;390;2005
Kryszkiewicz;Chociemir;Miściorak;Luiza;389;2005
Krążek;Parys;Jang;Gilda;388;2005
Dec;Teodor;Pentos;Helena;387;2005
Hulaj-Pole;Amedeusz;Skarbucka;Krzysztofa;386;2005
Tallgard;Tworzymir;Kondołowski;Isaura;385;2005
Perkis;Melchior;Hendrysiak;Wacława;384;2005
Kalambkiewicz;Pafnucy;Białka;Toma;383;2005
Przechoćko;Sebald;Grabola;Agnieszka;382;2005
Szynach;Tyburcjusz;Gotaj;Honoryna;381;2005
Kokras;Wiktoriusz;Bielkońska;Ilza;380;2005
Charaniuk;Wolmar;Gawarczewski;Bożeciecha;379;2005
Akonon;Fabian;Czupreła;Wielisława;378;2005
Matlowski;Melchior;Piekański;Jakobina;377;2005
Stały;Martynian;Mładij;Natasza;376;2005
Asarabowski;Roger;Kęśka;Wyszeniega;375;2005
Grozień;Boleczest;Pieniaszk;Dyzma;374;2005
Pytiak;Przybygniew;Fiółkowski;Sobiesława;373;2005
Krylle;Lucjusz;Kuczorowska;Maja;372;2005
Eilmes;Przybyrad;Brzonka;Fryda;371;2005
Iwanców;Czech;Łukaszenin;Małgorzata;370;2005
Florjan;Bazylid;Felikszewski;Zygfryda;369;2005
Naworól;Marek;Frystocka;Amalia;368;2005
Rymar;Pakosław;Dreiman;Regina;367;2005
Talach;Chociebor;Eskowska;Szczęsna;366;2005
Nikicin;Roderyk;Gortler;Mechtylda;365;2005
Kepper;Zdzibor;Ściera;Rozyna;364;2005
Kazarzewski;Chociemir;Sochlich;Eufemia;363;2005
Krasnołobowa;Oswald;Prysztasz;Adria;362;2005
Stauba;Miron;Przoł;Kamila;361;2005
Szypieluk;Trzebomysł;Góździuk;Euzebia;360;2005
Tanerski;Julian;Burtzlaff;Kinga;359;2005
Wachełka;Trzebisław;Loske;Bibianna;358;2005
Jugura;Apoloniusz;Rumanik;Ilza;357;2005
Fliszewski;Herkules;Czense;Berenike;356;2005
Cwejnar;Axel;Feferberg;Jagna;355;2005
Budzawska;Flawian;Ejcksztet;Sylwana;354;2005
Braździel;Patryk;Cichowlaz;Wirginia;353;2005
Szanguleit;Euchariusz;Fync;Alma;352;2005
Życzkiewicz;Faustyn;Hrebecki;Tolisława;351;2005
Wołaszczak;Iwon;Górzak;Fortunata;350;2005
Śmielewski;Teobald;Opacian;Bolesława;349;2005
Hejma;Dalemir;Szos;Isaura;348;2005
Domiak;Romeo;Cechini;Jadwiga;347;2005
Ike-Duninowski;Protazy;Gudrewicz;Teofila;346;2005
Wójczyk;Bartosz;Wizio;Roma;345;2005
Zagutka;Odyseusz;Kędzira;Amanda;344;2005
Hefko;Eugeniusz;Chudba;Żanna;343;2005
Kunzendorf;Teodor;Grzeszek;Emanuela;342;2005
Siki;Biernat;Chodorzewski;Rozalia;341;2005
Pretruś;Dobromierz;Jendrolik;Berta;340;2005
Pałcik;Przemysław;Remisko;Demetria;339;2005
Jógowiec;Kalasanty;Marcjocha;Aida;338;2005
Meredyk;Atanazy;Stigańcow;Chwalisława;337;2005
Małoska;Mojmir;Brzeźna;Celestyna;336;2005
Bujło;Denis;Fedoronek;Stefania;335;2005
Dryczyn;Metody;Ocieczka;Zygfryda;334;2005
Samarski;Wierzchosław;Belman;Kryspina;333;2005
Brąś;Roland;Krauss;Irina;332;2005
Badańko;Walenty;Wyrlich;Asteria;331;2005
Schydlo;Dobromir;Racak;Wyszeniega;330;2005
Andryszewicz;Gorgoncjusz;Buchaj;Wyszeniega;329;2005
Mikier;Klaudian;Pimenow;Zyta;328;2005
Trajster;Dobrowój;Bołuć;Eryka;327;2005
Toręc;Addar;Bichmann;Hanna;326;2005
Leniańska;Miłowan;Gizbert-Studnicki;Katarzyna;325;2005
Nowak vel Rosiak;Hilary;Ogorodowska;Adela;324;2005
Zamko;Maksymilian;Chareza;Sławomira;323;2005
Juchnikowski;Nepomucen;Czado;Honorata;322;2005
Czorapiński;Paulin;Walentinowa;Bryda;321;2005
Kuszbik;Karol;Legań;Areta;320;2005
Ratajczka;Teodozjusz;Poborca;Niemira;319;2005
Burłaczenko;Pimen;Zamielak;Janina;318;2005
Danilęc;Wszerad;Powinicz;Budzisława;317;2005
Stachetka;Siemisław;Gienas;Pęcisława;316;2005
Nalesiński;Witalian;Malczarski;Leona;315;2005
Gitka;Doris;Fedyńczuk;Władysława;314;2005
Kułag;Krystyn;Wolnikiewicz;Włościsława;313;2005
Wychowanec;Niegomir;Korsekwa;Sewera;312;2005
Slóbel;Bożysław;Pytno-Flaczkiewicz;Dalida;311;2005
Ciepilucha;Korneli;Fedeniszyn;Zdzisława;310;2005
Wichmann;Suliwoj;Kuciraj;Raissa;309;2005
Heckendorf;Dan;Cichłowski;Justyna;308;2005
Olimpiejuk;Stojgniew;Pietrysko;Adriana;307;2005
Setnicki;Ado;Prantel;Kleopatra;306;2005
Ciwis;Bogdan;Pliackas;Aneta;305;2005
Ciźmińska;Sozant;Sałowski;Eufrozyna;304;2005
Kazimieruk;Święcimir;Fryzieł;Eudoksja;303;2005
Żyłan;Jazon;Flig;Emma;302;2005
Knoblach;Maksymin;Dumieński;Lubosza;301;2005
Suremacz;Gilbert;Wałaśkiewicz;Edyta;300;2005
Seidow;Faustyn;Lai;Sławomira;299;2005
Gątarczyk;Tolisław;Zbojnowicz;Julia;298;2005
Molędzki;Żyrosław;Wohlt;Lilla;297;2005
Łuder;Blandyn;Kamieniecki;Janina;296;2005
Swerska;Kalikst;Opora;Iwetta;295;2005
Parna;Anzelm;Hajndrych;Irena;294;2005
Jątrzko;Jonatan;Cantrup;Heloiza;293;2005
Hataczkiewicz;Bolemysł;Amalańska;Czcibora;292;2005
Szmach;Frumencjusz;Rubinkowicz;Marta;291;2005
Lipigórski;Nikanor;Borasik;Metoda;290;2005
Czakoń;Sądzimir;Kiremaszek;Zawisza;289;2005
Zinczenko;Artus;Pelijewska;Sofia;288;2005
Bernalek;Czcisław;Kiosowska;Adela;287;2005
Ramaza;Abercjusz;Przewięźlik;Dobromira;286;2005
Kosłyk;Olech;Figórna;Sieciesława;285;2005
Antonicki;Władymir;Farywa;Erazma;284;2005
Chodziec;Tezeusz;Sztyc;Wera;283;2005
Grolimund;Ninomysł;Delida;Hortensja;282;2005
Bendarowicz;Dalemir;Bedzel;Madlena;281;2005
¬dziobło;Gebhard;Bogart;Bogumiła;280;2005
Kantaruk;Justynian;Krajanowski;Wiesława;279;2005
Skarłomiejczak;Mironieg;Kosciukiewicz;Irmina;278;2005
Gągowska;Ariel;Miedwiednik;Krystyna;277;2005
Biłowiecki;Jan Gwalbert;Bonowski;Teodozja;276;2005
Górawski;Erwin;Sawik;Zyta;275;2005
Gieron;Daniel;Dziejma;Potencjana;274;2005
Wiewiórowski;Nosisław;Neuteich;Kaja;273;2005
Gibera;Ewaryst;Repski;Szarlota;272;2005
Konieńda;Ireneusz;Ziarniak;Lilla;271;2005
Suszczykiewicz;Dobromir;Goss;Sobiesława;270;2005
Hrycyszyn;Tworzysław;Śmisz;Linda;269;2005
Loremiowicz;Ariel;Koziorski;Margot;268;2005
Krojnik;Więcerad;Małoszek;Otylia;267;2005
Milniczek;Brykcjusz;Bakoń;Bernardeta;266;2005
Siender-Fima;Siemisław;Oprzeski;Lechosława;265;2005
Gerlof;Abel;Bołdyga;Alma;264;2005
Podwapiński;Andron;Szewerenko;Dobrosława;263;2005
Opłowska;Pafnucy;Wachy;Aurela;262;2005
Duchonin;Lesław;Ciupliński;Wiera;261;2005
Fortonka;Honoriusz;Raszkiel;Symforiana;260;2005
Bąkart;Nestor;Weran;Czcibora;259;2005
Żydzis;Wieńczysław;Jóźwiak;Patrycja;258;2005
Hyplak;Atanazy;Warzybek;Szarlota;257;2005
Bleń;Florenty;Stawniczny;Edda;256;2005
Wedegis;Korneli;Podwójny;Dobromira;255;2005
Eltrman;Spycisław;Wojtyszczak;Dyzma;254;2005
Matziaris;Leszek;Jureczek;Tacjanna;253;2005
Pielniok;Ozeasz;Hłodan;Strzeżysława;252;2005
Zbita;Rut;Stricker;Żywia;251;2005
Eupryn;Longin;Oblej;Felicyta;250;2005
Czekurłam;Dobiegniew;Grychtolin;Lea;249;2005
Kiwań;Pius;Birlicki;Marzena;248;2005
Zienko;Mścigniew;Strubane;Wirginia;247;2005
Geddert;Przemił;Wawko;Beatrycze;246;2005
Hertflajsz;Batszeba;Harolejewicz;Dobrosława;245;2005
Szapełowska;Olgierd;Klucwa;Dobroniega;244;2005
Pacjan;Leszek;Bucza;Ewdokia;243;2005
Nieśmiejanowa;Dariusz;Trynduch;Eligia;242;2005
Powolna;Herbert;Biernegarska;Diana;241;2005
Profeska;Felicysym;Eckert;Ingrida;240;2005
Rapko;Jan Gwalbert;Limek;Anastazja;239;2005
Graupe;Jordan;Klementewicz;Sierosława;238;2005
Karaśnicka;Mirogniew;Gorząd;Mirosława;237;2005
Hussowski;Anicet;Witnicki;Bożeciecha;236;2005
Medwicz;Ireneusz;Kierszenbojm;Wrócisława;235;2005
Bont;Korneli;Firius;Patrycja;234;2005
Skobierla;Ernestyn;Czojnocka;Monika;233;2005
Rupiczek;Marcjal;Dymitko;Honoryna;232;2005
Bramura;Eweryst;Manrot;Emilia;231;2005
Krzystek;Hiacynt;Bilukowska;Alfonsyna;230;2005
Walęcikiewicz;Ostap;Chudmacz;Żywia;229;2005
Rajsman;Elizeusz;Makulik;Metoda;228;2005
Biasik;Męcimir;Frętczak;Pamela;227;2005
Dunin-Borkowski;Tomił;Rozdeba;Wojciecha;226;2005
Feyke;Leodegar;Biźnia;Ita;225;2005
Sliwa;Marcjan;Okłót;Hermenegilda;224;2005
Mazij;Ali;Sobotek;Joachima;223;2005
Drechowicz;Miłosz;Nienałkowski;Wiwanna;222;2005
Siostrzencewicz;Konstanty;Jarzmiński;Judyta;221;2005
Siwirko;Lutogniew;Pielichaty;Ryszarda;220;2005
Ranz;Mariusz;Tscharner;Dobrochna;219;2005
Hlebicki Józefowicz;Hilary;Szumiera;Pelagia;218;2005
Soysal;Sławobor;Kordewska;Przybysława;217;2005
Krziżowska;Gustaw;Jachtowski;Joanna;216;2005
Pienik;Mironieg;Struśnik;Liwia;215;2005
Malusi;Uniedrog;Pażdziejewska;Salome;214;2005
Teos;Malwin;Płoskomka;Pelagia;213;2005
Żamko;Przybyrad;Lelontko;Marietta;212;2005
Szurak;Niemir;Piotruszak;Karena;211;2005
Nowina-Witkowski;Wiktor;Spiątek;Mieczysława;210;2005
Śmirowska;Antym;Barynko;Tomisława;209;2005
Jasjan;Sądosław;Pochwistniew;Miranda;208;2005
Richtman;Częstomir;Ligman;Wszebora;207;2005
Choroszej;Emanuel;Racuł;Marzena;206;2005
Szczypółkowski;Odil;Rzepa;Teodozja;205;2005
Czykaluk;Ursyn;Waglowski;Konrada;204;2005
Rotcher;Patrycjusz;Zweigert;Paulina;203;2005
Łowczuk;Gniewosz;Grys;Marina;202;2005
Zgadzaj;Pęcisław;Kiczuga;Estera;201;2005
Ejbin;Kajus;Hniździuk;Albertyna;200;2005
Jędzejek;Epifan;Porosko;Aga;199;2005
Użyczak;Sulisław;Mundys;Gabriela;198;2005
Włodzimierski;Mściwój;Debowski;Hanna;197;2005
Kożecki;Arseniusz;Włąckiewicz;Diomeda;196;2005
Chrzankowski;Sylwin;Gumolski;Teofila;195;2005
Wawszkiewicz;Wyszesław;Siudymak;Dobrochna;194;2005
Tatarczy;Lechosław;Pangalos;Witosława;193;2005
Hałubiuk;Bernard;Bukarew;Radomiła;192;2005
Kaszuba;Metody;Gątnica;Jolanta;191;2005
Szczypin;Aureli;Dowhań;Rozanna;190;2005
Szynkowski vel Sęk;Wróciwoj;Juroić;Sobiesława;189;2005
Ligierski;Morzysław;Gorsztyła;Dziersława;188;2005
Kacprzewski;Miron;Wendtke;Aurelia;187;2005
Goldner;Frydolin;Jürgens;Angelina;186;2005
Pisarewski;Witomił;Kramorczuk;Alicja;185;2005
Pantalewicz;Drogomir;Hrabol;Jagoda;184;2005
Treunjan;Radzisław;Żelczak;Świętomira;183;2005
Jędryk;Noe;Scześ;Krystiana;182;2005
Sieniatecki;Hiacynt;Strochmiałek;Inez;181;2005
Szynchabel;Aleksy;Chotej;Halka;180;2005
Przybłowski;Budzimir;Zabielna;Kira;179;2005
Ananiewicz;Angelus;Zółciak;Ksawera;178;2005
Jazewicz;Alfons;Skryjka;Cieszysława;177;2005
Papadimitriu;Roch;Ptaszczak;Petronela;176;2005
Dzedzic;Przemysław;Hagdey;Przemysława;175;2005
Agacik;Siemisław;Dążbłaż;Ingrida;174;2005
Brekus;Dobiemiest;Ley;Boguchwała;173;2005
Riczanek;Zefir;Krubicz;Nora;172;2005
Olenko;Wendelin;Elimer;Marcela;171;2005
Konoperyńska;Prosimir;Pajur;Renata;170;2005
Kuchińska;Abel;Jankos;Amata;169;2005
Klebacka;Igor;Gmużdek;Gilda;168;2005
Atycka;Olgierd;Krzewiński;Izabella;167;2005
Kwiałkowski;Tworzymir;Kaszubowicz;Teresa;166;2005
Pyłyoczuk;Edward;Farb;Eunika;165;2005
Pozarzecki;Ewaryst;Swidzicki;Tatiana;164;2005
Kumorek;Felicjan;Roniewicz;Swietłana;163;2005
Ballon;Konradyn;Packowski;Zuzanna;162;2005
Gieszewski;Harasym;Waguca;Mechtylda;161;2005
Majeryk;Godzimir;Praksa;Amanda;160;2005
Sirocinski;Leopard;Gemborska;Krzysztofa;159;2005
Gnitowska;Asteriusz;Jendrosch;Angelina;158;2005
Kostiar;Sieciech;Worodyniec;Ismena;157;2005
Schlaugiess;Dytrych;Świedlicka;Ofelia;156;2005
Kruazyr vel Kurwaze;Konrad;Hutczyk;Odila;155;2005
Kołodzejska;Doris;Graunsberg;Eufemia;154;2005
Pykowska;Wadim;Switochowska;Ciechosława;153;2005
Markwałd;Olaf;Niebielecki;Modesta;152;2005
Ślósarkiewicz;Eutropiusz;Tłomaczyńska;Malina;151;2005
Zygrzewska;Drogomir;Zygler;Gościsława;150;2005
Bujwidys;Eliasz;Brudzel;Żywia;149;2005
Gröbner;Maurycy;Miszyński;Klaudyna;148;2005
Bolnicki;Teobald;Siomor;Marina;147;2005
Huminik;Uniedrog;Paczulski;Euzebia;146;2005
Kornuda;Emanuel;Darge;Stefania;145;2005
Doktur;Mścisław;Wydran;Sydonia;144;2005
Szmigier;Więcesław;Tawkinowicz;Lidia;143;2005
Zięp;Abdon;Łazowy;Odila;142;2005
Szolna;Olech;Zwielkowska;Jowita;141;2005
Ordynacka;Gabin;Miklosik;Ligia;140;2005
Podlasik;Eugeniusz;Maszelajtys;Marcjanna;139;2005
Kanczużewski;Włodzimierz;Shulz;Wrzesława;138;2005
Boczniewicz;Kasper;Maciejuniec;Paloma;137;2005
Żal;Sebastian;Mosiak;Halka;136;2005
Mudlo;Wielisław;Borzechowski;Miłosława;135;2005
Płużka;Lutosław;Schecht;Radomiła;134;2005
Fiołna;Kasjan;Łaziak;Carmen;133;2005
Sczyra;Elizeusz;Zamarian;Oswalda;132;2005
Trznadol;Prot;Flaschinski;Telisława;131;2005
Purtoń;Ksenofont;Kiesiek;Petronia;130;2005
Krulicki;Lubomysł;Śmiglicki;Potencjana;129;2005
Schóller;Sylweriusz;Frestaj;Eryka;128;2005
Sawulak;Arnold;Betlewicz;Wiesława;127;2005
Gostkowski;Judasz;Domajda;Józefa;126;2005
Wypój;Oskar;Srebrniuk;Witosława;125;2005
Gąsiorczyk;Hieronim;Serdzińska;Selma;124;2005
Sopeluk;Auksencjusz;Maciączyk;Klotylda;123;2005
Taszkowska;Noe;Cwietanow;Wiktoryna;122;2005
Brachońska;Warcisław;Taroń;Petronia;121;2005
Dziśkiewicz;Nelly;Nadstoka;Wacława;120;2005
Kaśniwska;Żywisław;Kołacha;Waldemara;119;2005
Szczepacka;Tadeusz;Klingheil;Blandyna;118;2005
Gwidzioł;Sylwan;Jensen;Alma;117;2005
Graffon;Brunon;Cwibel;Amadea;116;2005
Kiuch;Torpet;Wittholz;Tworzysława;115;2005
Grendo;Ziemowit;Frejlak;Flawia;114;2005
Dyttrich;Blizbor;Magoska;Saba;113;2005
Czyrun;Duszan;Mozgunow;Marlena;112;2005
Staniskowska;Drogomił;Szapczyńska;Scholastyka;111;2005
Matenok;Liboriusz;Metelański;Izolda;110;2005
Filipa;Domasław;Fereszke;Eliza;109;2005
Anuth;Brunon;Podkasik;Gracjana;108;2005
Bandźmiera;Skarbimierz;Zygadłowski;Eudoksja;107;2005
Feśluk;Gaweł;Skradziński;Karena;106;2005
Wołkonowski;Siemomysł;Zieńcina;Oliwia;105;2005
Flasiewicz;Kurt;Cwancygier;Lucjola;104;2005
Zachmost;Auksencjusz;Napunowicz;Zenobia;103;2005
Dekurno;Oswald;Krzewnicki;Eryka;102;2005
Didoszek;Robert;Mamont;Wincentyna;101;2005
Szkudro;Mścigniew;Fioka;Lilla;100;2005
Zygaryn;Fides;Heidrychowski;Nora;99;2005
Grabiszewski;Stojsław;Wollgram;Emanuela;98;2005
Ligańska;Siemomysł;Hlebergier;Longina;97;2005
Skrobuń;Ludosław;Skiennik;Kira;96;2005
Pryłukin;Marian;Simalczyk;Dobromiła;95;2005
Kiduń;Tadeusz;Sztetefeld;Mironiega;94;2005
Dunańska;Będzisław;Kucejewski;Zenona;93;2005
Troczyk;Tworzysław;Szatecki;Alojza;92;2005
Destal;Herkules;Musz;Ingrida;91;2005
Stryńkowski;Dagobert;Bryśka;Sofia;90;2005
Kajakuła;Krzesisław;Jołochowska;Marita;89;2005
Dolaskowska;Radomił;Pyjach;Konrada;88;2005
Tumiłowicz;Arnold;Hadamiec;Cecylia;87;2005
Siemieniusz;January;Nahily;Hanna;86;2005
Grycan;Angel;Popleśna;Cezaryna;85;2005
Łopieński;Modest;Fronaszczuk;Georgina;84;2005
Tessarczik;Krzesimir;Włudasz;Alina;83;2005
Gerszyński;Donald;Gelner;Honorata;82;2005
Bartik;Leoncjusz;Skrochocki;Olga;81;2005
Biłochowska;Czcibor;Pidłużna;Ksaweryna;80;2005
Stokoski;Mauryn;Dziamann;Helena;79;2005
Siebeling;Dobromir;Sawalik;Dobiesława;78;2005
Sagal;Namysław;Marski;Symforiana;77;2005
Kibot;Wodzisław;Brzymowski;Rachela;76;2005
Girał;Zbroimir;Sobawa;Julianna;75;2005
Żemelski;Leon;Grotkowski;Wszemiła;74;2005
Cacińska;Jan Gwalbert;Knowski;Dagna;73;2005
Bośnowski;Myślimir;Antczewska;Lubosza;72;2005
Hałeła;Renat;Gisa;Wincentyna;71;2005
Miścisz;Godzisz;Szumczyk;Aleksandra;70;2005
Holzenbecher;Oktawian;Kirczewska;Waleriana;69;2005
Nędza-Chotarski;Sobiesąd;Blaicke;Wiktoria;68;2005
Siwa;Olaf;Maciów;Grażyna;67;2005
Jakobina;Arystarch;Malissa;Karolina;66;2005
Gorkowy;Enoch;Kornel;Honorata;65;2005
Pudłow;Apoloniusz;Syrma;Leonia;64;2005
Bereszczuk;Sieciesław;Hanrych;Koleta;63;2005
Marguński;Hilary;Ładiuk;Adolfa;62;2005
Spod;Toligniew;Pobożna;Albina;61;2005
Pyrsak;Ruben;Brzezula;Luba;60;2005
Hilże;Częstomir;Deftlaff;Marcjanna;59;2005
Margulewicz;Bronisław;Grabiń;Mironiega;58;2005
Krygelska;Lutogniew;Rekuć;Domicela;57;2005
Hyńko;Otniel;Kuśmigier;Jagoda;56;2005
Wiclim;Walery;Burcińska;Aisza;55;2005
Awirzeń;Mścisław;Sluzyńska;Sydonia;54;2005
Bardosz;Wrócisław;Gros;Bernadeta;53;2005
Kownatka;Patrycy;Widański;Tamara;52;2005
Bazal;Łukasz;Ściopko;Zbigniewa;51;2005
Żeżyński;Oliwier;Sobiborowicz;Mechtylda;50;2005
Jopowicz;Nadmir;Borer;Eunika;49;2005
Balawelder;Trzebowit;Holendo;Idalia;48;2005
Kubybała;Dytrych;Kubiczek;Linda;47;2005
Kępik;Leonidas;Czechrowski;Aida;46;2005
Mieciński vel Mieczyński;Wszemił;Wuttka;Joachima;45;2005
Buszman;Ruprecht;Doszczeszko;Milena;44;2005
Kilerys;Jan;Paździerkiewicz;Marcelina;43;2005
Fridriszyk;Tristan;Manarz;Paloma;42;2005
Pichota;Marcel;Sitniak;Walentyna;41;2005
Pazola;Witold;Malibo;Prakseda;40;2005
Mehdi;Trzebisław;Struppek;Tekla;39;2005
Kricki;Remigiusz;Azgier;Maura;38;2005
Dołóbeczko;Fabian;Breusowski;Adela;37;2005
Blinge;Bartłomiej;Legaciuk;Gloria;36;2005
Wadołkowski;Dalemir;Pichen;Kunegunda;35;2005
Tesak;Leander;Gorbarczyk;Judyta;34;2005
Suptelny;Lubomir;Sossalla;Leonida;33;2005
Ołyński;Stronisław;Stanianis;Gabriela;32;2005
Zwierczyk;Bazylis;Omarów;Eleonora;31;2005
Pechiel;Wszebąd;Drodnicka;Trzebisława;30;2005
Grundtner;Angelus;Kojemski;Lucylla;29;2005
Waszkojć;Leszek;Trauber;Ludomiła;28;2005
Jesiorkiewicz;Gosław;Przerodek;Alfreda;27;2005
Sejmik;Innocenty;Olenowicz;Dagna;26;2005
Szrepfer;Anatol;Sażyński;Talita;25;2005
Sawoyka-Sawoya;Amin;Offmann;Ariela;24;2005
Grubak;Laurenty;Laszyca;Jarmiła;23;2005
Kuralczak;Pakoszław;Unieżycki;Kolombina;22;2005
Czyszczeń;Rajnold;Klencz;Eryka;21;2005
Dziedzila;Paweł;Walętkowski;Alfreda;20;2005
Hylicki;Kazimierz;Kiżlich;Halina;19;2005
Nonik;Romuald;Miarzecka;Hipolita;18;2005
Giehgi;Domamir;Potralska;Krystiana;17;2005
Walexander;Witomił;Szerbart;Dobiesława;16;2005
Gelniak;Rajnold;Cicocka;Łucja;15;2005
Tęderowska;Leonidas;Ruk;Pamela;14;2005
Gołubczuk;Festus;Szkurłatowicz;Irma;13;2005
Błaszczakiewicz;Kalasanty;Mandzel;Rudolfa;12;2005
Piotrzak;Erast;Szyciuk;Halina;11;2005
Redlica;Cieszybor;Scibor;Rudolfa;10;2005
Krasutski;Częstomir;Oslowska;Feliksa;9;2005
Lączyńska;Fides;Surus;Ruta;8;2005
Żarki;Angel;Cynko;Berna;7;2005
Hejde;Lubomierz;Kołciuk;Violetta;6;2005
Gruskoś;Gall;Kruhlik;Manfreda;5;2005
Szałwiecki;Aleksander;Honryks;Materna;4;2005
Wawrysz;Ulrych;Szacher Szacherska;Weronika;3;2005
Rużalski;Chryzant;Warwarów;Wacława;2;2005
Zadorko;Mieszko;Krasnal;Juda;1;2005
Tilk;Bogumir;Majlingier;Zygfryda;1000;2004
Lęda;Pęcisław;Sośtyszewski;Antonina;999;2004
Łabucin;Konstancjusz;Wieczorzycka;Iryda;998;2004
Dupert;Przesław;Kadłubaj;Mira;997;2004
Arczak;Otniel;Erlinger;Eligia;996;2004
Szlaus;Mirogniew;Szabołaj;Teresa;995;2004
Szafarski;Karol;Dziubecki;Milenia;994;2004
Zimochodzki;Salomon;Franks;Manfreda;993;2004
Synderek;Trzebomysł;Dorosewicz;Celestyna;992;2004
Sabłoń;Tworzymir;Chrabońska;Odila;991;2004
Czodrowski;Karin;Łozak;Ulryka;990;2004
Kalimowicz;Krzysztof;Krzywodębska;Telimena;989;2004
Ciosto;Tyberiusz;Kudłacik;Cyntia;988;2004
Wizurej;Gościrad;Chwalla;Helena;987;2004
Hermetowicz;Radosław;Linarciuk;Marzanna;986;2004
Hyrz;Dobromił;Fasuła;Georgina;985;2004
Nikulski;Gościrad;Weidlich;Gallina;984;2004
Rozwonkowski;Hipolit;Pachała vel Paschał;Heloiza;983;2004
Żalarska;Oktawiusz;Adryaniak;Glikeria;982;2004
Bodinka;Gabor;Tarawińska;Gawryła;981;2004
Kosieradzki;Horacjusz;Skwirzyński;Mechtylda;980;2004
Siobieska;Rościgniew;Grondke;Diana;979;2004
Dziewiór;Karol Boromeusz;Bekieszczuk;Adrianna;978;2004
Fortkowski;Augustyn;Kemczyk;Oktawia;977;2004
Mokross;Długosz;Kuckiewicz;Gościsława;976;2004
Lachutta;Abercjusz;Timofiejczuk;Oliwia;975;2004
Kuruków;Helmut;Markarewicz;Luiza;974;2004
Wyszczyńska;Samuel;Nastoruk;Odilla;973;2004
Jeczała;Igor;Rawdo;Kamelia;972;2004
Morbaciuk;Dytrych;Staryczenkow;Szarlota;971;2004
Mistachowicz;Bolebor;Rydzyk;Salomea;970;2004
Duminiak;Benedykt;Klimes;Hermina;969;2004
Romać;Norman;Kaluczyk;Anastazja;968;2004
Medelski;Racisław;Cygler;Stella;967;2004
Grzyll;Job;Jaroszek;Potencjana;966;2004
Błaszcyk;Witold;Tomaczakowski;Patrycja;965;2004
Wośniczko;Jan Nepomucen;Hejkinkow;Witolda;964;2004
Trębowicz;Warcisław;Ozwoniarek;Cyriaka;963;2004
Jędrykowiak;Iwon;Poklatko;Irmina;962;2004
Pręczyński;Gotfryd;Kubila;Jarmiła;961;2004
Ukołów;Władymir;Siwoszyńska;Balbina;960;2004
Galuba;Filemon;Kalmanowski;Grażyna;959;2004
Fedolak;Rygobert;Kisłocki;Leonarda;958;2004
Wygarz;Remigiusz;Dejlida;Alfreda;957;2004
Drobiniak;Wyszemir;Kubelczuk;Symforiana;956;2004
Elenbogen;Abdiasz;Zachariusz;Domosława;955;2004
Knetig;Hegezyp;Puczkiewicz;Hanna;954;2004
Rachlina;Spycimir;Zychmański;Sulisława;953;2004
Marędzka;Atanazy;Karczla;Domicela;952;2004
Szyszkowski;Cieszygor;Kochout;Antonina;951;2004
Macinowski;Marek;Myrosz;Leona;950;2004
Kurzpiel;Uniegost;Bladzik;Zefiryna;949;2004
Chłyń;Zenon;Szenel;Loretta;948;2004
Pałaszyn;Bonawentura;Gudiadidis;Marina;947;2004
Pełcharzewska;Dobrymir;Ward;Anita;946;2004
Mikłowski;Światozar;Dymorz;Teodoryka;945;2004
Borysz;Auksencjusz;Renowicz;Karena;944;2004
Hybiorz;Germanik;Dombrow;Beda;943;2004
Kateniowska;Kornel;Zielowski;Bernadetta;942;2004
Kostemski;Gniewomir;Pietor;Wanda;941;2004
Rosankiewicz;Dziersław;Snech;Beata;940;2004
Kycieńska;Porfirion;Gostkiewicz;Amadea;939;2004
Willman;Mariusz;Moroszuk;Blanka;938;2004
Typiec;Odo;Małowicz;Taida;937;2004
Kurczonek;Abraham;Willuhn;Felicjana;936;2004
Pokoiski;Światozar;Gruchowina;Ita;935;2004
Godziewski;Wit;Resterna;Kamelia;934;2004
Markwia;Donat;Kubylis;Eufemia;933;2004
Giersberg;Spycisław;Żajk;Wszebora;932;2004
Zietkowski;Włodziwoj;Grynglas;Dobrosława;931;2004
Prefecki;Rainer;Maroszyński;Elżbieta;930;2004
Dorot;Antonin;Kalko;Szymoneta;929;2004
Żybylski;Fidelis;Fedysiów;Domicela;928;2004
Matca;Oswald;Kopiel;Wenesa;927;2004
Tubacki;Kanty;Jagucki;Diomeda;926;2004
Eydziałowicz;Epifan;Mistrzyk;Żywia;925;2004
Doniewicz;Bogumir;Leibrandt;Wiera;924;2004
Komoszyński;Albaniusz;Janasz;Jowita;923;2004
Pomarucka;Floryn;Chachorz;Szymoneta;922;2004
Gawełek;Zbigniew;Kopyciak;Talita;921;2004
Kuzniakowski;Godfryd;Chobrot;Teodora;920;2004
Hrapowicz;Otton;Halusiak;Ludwina;919;2004
Wikarius;Napoleon;Wajmirowski;Donata;918;2004
Wechsel;Konstans;Stojowski;Domisława;917;2004
Broler;Prosper;Moskata;Ida;916;2004
Sporschill;Oskar;Flerczyńska;Kordula;915;2004
Dokutliwer;Malkolm;Sałciński;Kaliksta;914;2004
Weichman;Wrzesław;Wojtulewski;Karola;913;2004
Ledowicki;Klaudian;Osiewicz;Adrianna;912;2004
Swietliczka;Nahum;Mołozięć;Sławomira;911;2004
Waleszczak;Więczysław;Michotka;Przecława;910;2004
Rakoiecka;Afanazy;Pogarzeff;Olimpia;909;2004
Bogórad;Świętomir;Komarzański;Kwiryna;908;2004
Kopruszyński;Teobald;Płatko;Glikeria;907;2004
Łęgawa;Pankracy;Mokselon;Waleria;906;2004
Kufmann;Fabian;Pietraszenko;Leonia;905;2004
Konefka;Lutomysł;Pony;Augustyna;904;2004
Zahrt;Flawian;Lowinger;Wilma;903;2004
Bartusewicz;Olaf;Lebiszczak;Wirginia;902;2004
Donheffner;Magnus;Gałdyk;Jadwiga;901;2004
Soleński;Wyszomir;Bezdecki vel Wezdecki;Czcibora;900;2004
Koruś;Józefat;Walthauzer;Donata;899;2004
Fedzkiewicz;Ścibor;Wieterka;Gracjana;898;2004
Edińska;Ludosław;Wypchlak;Hanna;897;2004
Szestapałow;Jonasz;Pieciunkiewicz;Dawida;896;2004
Milanowicz;Angel;Miechowian;Rozanna;895;2004
Gurcewicz;Gościrad;Kękawska;Materna;894;2004
Chodakowski;Amin;Żezło;Ksenia;893;2004
Hoholuk;Piotr;Celembrowski;Będzisława;892;2004
Hador;Ernest;Musztafa;Waleriana;891;2004
Paret;Bolebor;Jasinski;Dąbrówka;890;2004
Sybiś;Dezyderiusz;Samochwał;Margareta;889;2004
Hnatczak;Trzebimir;Rachciński;Julietta;888;2004
Piechucki;Izaak;Korcikiewicz;Edda;887;2004
Zdanczewicz;Manfred;Kubel;Wenesa;886;2004
Dirnabaun;Cierpisław;Samodurów;Witolda;885;2004
Szczęsiak;Darosław;Obolewicz;Tomisława;884;2004
Renćmit;Filip;Kogacewicz;Mieczysława;883;2004
Kohlsdorf;Goar;Ilewicz;Imisława;882;2004
Fomicz;Samson;Świdyrow;Leopoldyna;881;2004
Panchyrz;Terencjusz;Rankiewicz;Samanta;880;2004
Polinowski;Tolisław;Fijarczyk;Jagoda;879;2004
Bossart;Częstomir;Bonaczuk;Marcelina;878;2004
Zarnotol;Gilbert;Dueschke;Lukrecja;877;2004
Irała;Martyn;Suwiak;Arleta;876;2004
Barłoszek;Emil;Pindzia;Serafina;875;2004
Dłuźniak;Roland;Bliźmiek;Matylda;874;2004
Teliżewski;Miłowit;Szwachło;Amanda;873;2004
Świtalik;Teodozjusz;Pernaz;Daria;872;2004
Łuczewicz;Filemon;Chorytek;Iga;871;2004
Żychajło;Kasper;Schoennett;Gawryła;870;2004
Juniś;Malkolm;Kosyjańska;Leopoldyna;869;2004
Smiołek;Abdiasz;Kordzik;Antonina;868;2004
Hys;Szczęsny;Terbuniak;Adelajda;867;2004
Gęśba;Ursyn;Uczkuronic;Hermenia;866;2004
Guzala;Ulryk;Bodurowicz;Lucylla;865;2004
Kipper;Kondrat;Kwiecierz;Faustyna;864;2004
Marcinkienas;Bertold;Nowaczenko;Laurencja;863;2004
Łońszczak;Gebhard;Nimczyk;Aniceta;862;2004
Karkosz;Leonidas;Trecki;Samuela;861;2004
Siadłowski;Sędziwoj;Birgier;Edwarda;860;2004
Andraszek;Angel;Zbroń;Wioletta;859;2004
Szreyman;Borzysław;Zapadnia;Samuela;858;2004
Pomesny;Gwalbert;Wołejsza;Wilhelmina;857;2004
Zakrzańska;Krzesisław;Temichniak;Eulalia;856;2004
Sołowian;Ksenofont;Sentelska;Hanna;855;2004
Brydasz;Ludomir;Bunc;Rena;854;2004
Ucieklak;Damazy;Swierpel;Wszemiła;853;2004
Tokaruk;Paramon;Distler;Kaliksta;852;2004
Świńczyk;Kewin;Wieliki;Irma;851;2004
Jeloniowska;Witołd;Czeplejewska;Kleopatra;850;2004
Krzyżtofik;Dalemir;Świńska;Wisława;849;2004
Swiącik;Izydor;Rajnocha;Sieciesława;848;2004
Wojdat;Serwacy;Matyska;Jarosława;847;2004
Michalańska;Przedwoj;Widell;Nonna;846;2004
Andratschke;Żelisław;Deniz;Berenike;845;2004
Łąpicka;Władysław;Przędnowęk;Donata;844;2004
Kaleńczy;Feliks;Komaryszyn;Łucja;843;2004
Szajble;Mamert;Knetz;Oktawia;842;2004
Micygiewicz;Świętobor;Dyjan;Wilma;841;2004
Dambok;Godfryd;Kwasiński;Marita;840;2004
Wyrbiński;Dzierżysław;Kuderna;Zbigniewa;839;2004
Chocaś;Józef;Siniatyński;Ksymena;838;2004
Ślepieńczuk;Job;Hrzuściel;Melania;837;2004
Piłaszewicz;Sylwiusz;Ćwikilewicz;Emma;836;2004
Chrińska;Artur;Koziracka;Loretta;835;2004
Darłach;Wojsław;Strzelka;Lubomiła;834;2004
Janosiak;Lesław;Zientkowiak;Ilia;833;2004
Serada;Lubogost;Nieniec;Abigail;832;2004
Świentońska;Trzebomysł;Maringe;Ozanna;831;2004
Aponowicz;Albaniusz;Tumaniec;Ozanna;830;2004
Wierzinkiewicz;Cecylian;Schiersch;Hermenegilda;829;2004
Dukerska;Krzywosąd;Spustka;Lea;828;2004
Uzel;Kanizjusz;Mermer;Glikeria;827;2004
Łucejko;Witalis;Filinger;Tacjanna;826;2004
Ślędak;Ciechomir;Szwemberger;Hermenia;825;2004
Sztajger;Zenon;Bażuła;Wanda;824;2004
Deoracki;Nehemiasz;Swarczykowska;Sabina;823;2004
Torelak;Paulin;Bantlejewska;Dajana;822;2004
Duckinoski;Salomon;Gąsienica-Mracielnik;Janina;821;2004
Bonaszkiewicz;Bogusław;Moleschek;Leonarda;820;2004
Matouszek;Iwo;Kominka;Roberta;819;2004
Chumieńczuk;Arkady;Pijawski;Oswalda;818;2004
Smulski;Bożymierz;Słoszewski;Gryzelda;817;2004
Kuntzner;Przybygniew;Lichociński;Marcjanna;816;2004
Pażera;Klaus;Waclawek;Erwina;815;2004
Kuspak;Aleksander;Mędalka;Przybysława;814;2004
Dolegala;Wawrzyniec;Czepółkowski;Sonia;813;2004
Żłamaniec;Tolimir;Sudowski;Juda;812;2004
Feliksek;Leoncjusz;Fest;Dobrosława;811;2004
Jaślikowski;Prokop;Czapula;Ligia;810;2004
Paduszka;Prot;Sittke;Oda;809;2004
Pejas;Sulimierz;Czemierzewski;Blandyna;808;2004
Trybański;Przedpełk;Drewniacki;Ingrida;807;2004
Kajosz;Jozafat;Landkauft;Herminia;806;2004
Lonski;Bolemysł;Pawlinowski;Gaudencja;805;2004
Markitan;Kanut;Kłymiuk;Bończa;804;2004
Galicz;Gabor;Zdrzała;Cezaryna;803;2004
Kakao;Dersław;Bierciewski;Dobromira;802;2004
Anut;Unimir;Dreue;Romana;801;2004
Sudakiewicz;Norbert;Pierwota;Hipolita;800;2004
Blanchard;Daniel;Kosedka;Maja;799;2004
Haladin;Hipolit;Lischetzka;Władysława;798;2004
Cinalski;Otomar;Czwelska;Natalia;797;2004
Bikozor;Zbroimir;Katwak;Warwara;796;2004
Paisdzior;Epifan;Łabiś;Wojsława;795;2004
Anuczewska;Jaczewoj;Jaszke;Wera;794;2004
Szuflicki;Cecyl;Spiegel;Adriana;793;2004
Dowhalski;Jacek;Soroczek;Wilhelmina;792;2004
Drwich;Bartłomiej;Mojżych;Irena;791;2004
Słondowski;Trzebisław;Zilulewski;Pryscylla;790;2004
Kryjasz;Godzimir;Ciomer;Mironiega;789;2004
Wyzinkiewicz;Mścibor;Maslonka;Sabina;788;2004
Przychliński;Martynin;Nieczej;Sobiesława;787;2004
Macutkiewicz;Martynian;Stefanko;Sylwana;786;2004
Kuśmiczek;Petroniusz;Tyffert;Aldona;785;2004
Łubatiuk;Sylwester;Bialończyk;Sewera;784;2004
Jermończuk;Domamir;Wojtylewski;Zawisza;783;2004
Gawia;Ruben;Tumakow;Lolita;782;2004
Biłij;Artur;Wasyłeńko;Mirosława;781;2004
Horwalik;Lewin;Wiślana;Ewdokia;780;2004
Witosiak;Beatus;Kujawka;Toma;779;2004
Radziwilski;Hubert;Balczarek;Rachela;778;2004
Petrońska;Zygfryd;Liżniewicz;Romana;777;2004
Insadowski;Miromir;Koczasik;Dobiesława;776;2004
Racuch;Stronisław;Kolasza;Dagna;775;2004
Dukac;Siestrzemił;Detnik;Liliana;774;2004
Kreda;Sądosław;Hogstad;Stronisława;773;2004
Piepszyca;Ireneusz;Doberschütz;Aneta;772;2004
Migda;Brodzisław;Fołt;Augusta;771;2004
Tumczyszyn;Albin;Owczerczyk;Eleonora;770;2004
Cypryszak;Arystarch;Mattczak;Ludomira;769;2004
Snuszko;Sebastian;Gnieduk;Daniela;768;2004
Bałuzy;Jazon;Bastek;Marietta;767;2004
Kupidorska;Świeciech;Daderko;Dagmara;766;2004
Tarliński;Bogudar;Łaski;Januaria;765;2004
Linttner;Więcerad;Dudnicka;Gertruda;764;2004
Nabiałkowski;Dobrogniew;Kieżyń;Amiceta;763;2004
Wadoń;Ernestyn;Haruszewska;Salome;762;2004
Szałapka;Wojmir;Siryk;Laza;761;2004
Sopuszyński;Mikołaj;Binar;Alma;760;2004
Galej;Szwieciech;Pecio;Domasława;759;2004
Dwinów;Herman;Parzewicz;Ozanna;758;2004
Wyszenko;Budzimir;Sobigraj;Ariela;757;2004
Bojaczuk;Anastazy;Karwanecki;Karina;756;2004
Strychorska;Mirosław;Kurpan;Halina;755;2004
Białorczyk;Anastazy;Huleja;Ita;754;2004
Merlender;Afanazy;Prażniowski;Maura;753;2004
Semerej;Światozar;Kosibor;Aleksandra;752;2004
Lecyniak;Pakosz;Garbatowski;Klarysa;751;2004
Gogolek;Tworzymir;Jeremek;Oliwia;750;2004
Buchwalo;Janusz;Rzegost;Domisława;749;2004
Rubowicz;Wacław;Klettner;Magdalena;748;2004
Kołalis;Maciej;Plużyski;Józefa;747;2004
Skurczewski;Gabin;Sztobryn;Aurelia;746;2004
Plusk;Damaris;Kajacz;Wisława;745;2004
Sypało;Gilbert;Krysztofowski;Amalia;744;2004
Nussle;Konrad;Czarneta;Loretta;743;2004
Kratschmer;Paschalis;Pudała;Natalia;742;2004
Czirr;Egbert;Paselnik;Miriam;741;2004
Czerwieńko;Telesfor;Czartołomny;Eugenia;740;2004
Karduńska;Lutobor;Białowusz;Martyna;739;2004
Buhajczuk;Gościrad;Cytrus;Juda;738;2004
Szymaniek;Erwin;Nonte;Fabiola;737;2004
Łenik;Gaweł;Goldman;Domisława;736;2004
Bezłowicz;Leoncjusz;Degieś;Iwona;735;2004
Glejf;Hermenegild;Pindelak;Pryska;734;2004
Krauż;Bartosz;Boczan;Flora;733;2004
Skibe;Sebald;Harlej;Honorata;732;2004
Nasidrowicz;Zacheusz;Kopias-Czekay;Józefa;731;2004
Skomro;Kazimierz;Krzączkowski;Eryka;730;2004
Jefimiak;Kanut;Kopuch;Wiktoryna;729;2004
Kluczycki;Sobiesław;Kukasek;Patrycja;728;2004
Buchińska;Radowit;Wawersik;Dionizja;727;2004
Szynowski;Przybysław;Dzieworys;Zofia;726;2004
Waszycki;Job;Tasiak;Ignacja;725;2004
Manderska;Wilhelm;Luśke;Edwarda;724;2004
Sołkiewicz;Jozafat;Buzgel;Boguwola;723;2004
Kiwaczyńska;Ezechiel;Goworuszka;Pryscylla;722;2004
Grygorów;Benedykt;Dygner;Atanazja;721;2004
Ściborowicz;Anzelm;Mecke;Nora;720;2004
Ojrzyński;Albaniusz;Burdynowicz;Celina;719;2004
Porwan;Leonard;Szewielewski;Gloria;718;2004
Strzeczewski;Gościwit;Flikierski;Wiera;717;2004
Miciuda;Boleczest;Miąsik;Felicja;716;2004
Wieremek;Rodryk;Wyrombek;Dobiesława;715;2004
Egidiusz;Stanisław;Mandryga;Dyzma;714;2004
Magraszewski;Joachim;Hoszycki;Eligia;713;2004
Dudczak;Żyrosław;Pierwonicki;Mścisława;712;2004
Niespój;Lubomysł;Rolef;Lea;711;2004
Krasilnikow;Domarad;Wutke;Aurora;710;2004
Lewsza;Kajus;Łytkin;Marcjanna;709;2004
Planetors;Orfeusz;Danfil;Adolfa;708;2004
Nejtek;Soter;Szuldt;Klaudia;707;2004
Bubiało;Bartosz;Ładydo;Zenona;706;2004
Gąsienica-Golec;Bogumił;Kolut;Aniela;705;2004
Kobietowski;Borzysław;Waluszczak;Julianna;704;2004
Siekirda;Afanazy;Mendziński;Drogosława;703;2004
Wanocka;Leopard;Mannke;Kleopatra;702;2004
Turschmid;Sędzisław;Grycok;Świętomira;701;2004
Foedde;Więcemił;Weryński;Boguchwała;700;2004
Wyzujak;Lech;Ajzenszłros;Boguchwała;699;2004
Czuryłow;Więcerad;Ukasik;Zbysława;698;2004
Klupowski;Trofim;Ners;Brygida;697;2004
Zagroba;Karin;Nomarska;Miła;696;2004
Nyc;Gaudencjusz;Pozdalska;Amanda;695;2004
Buethner;Paulin;Drosdzik;Krystiana;694;2004
Wziętek;Wieńczysław;Lamucha;Scholastyka;693;2004
Purd;Ariel;Dżarowska;Dyzma;692;2004
Sandauer;Hilary;Erentraut;Mariola;691;2004
Piczura;Gabin;Norbarciak;Pia;690;2004
Gielżycka;Bożywoj;Ganacki;Bryda;689;2004
Gontow;Miłorad;Motaczyński;Wojciecha;688;2004
Toka;Wiktorian;Hyclak;Berenika;687;2004
Żankowski;Bonifacy;Rebensztok;Mina;686;2004
Tarnogiński;Demokryt;Ratkowski;Teresa;685;2004
Gnadzik;Wojbor;Fifagrowicz;Ada;684;2004
Kościenicki;Marceli;Piźlecki;Liliana;683;2004
Golusik;Tolisław;Schynberger;Kunegunda;682;2004
Wylczak;Lubosław;Skurdziel;Sara;681;2004
Pilipcewicz;Asenat;Olbyś;Minodora;680;2004
Deletko;Radociech;Milius;Teofila;679;2004
Chwalencki;Myślibor;Maciega;Teodora;678;2004
Nawoz-Wysocki;Częstobor;Kensier;Benita;677;2004
Łobos;Romuald;Laksi;Witosława;676;2004
Lachmann;Rudolf;Szartata;Ksymena;675;2004
Popacz;Sykstus;Polonisiak;Florentyna;674;2004
Dajlidzionek;Apolinary;Kosczielna;Eliga;673;2004
Inzelsztein;Lutomysł;Brzenzina;Aurela;672;2004
Chorzelski;Ziemisław;Porado;Dobromira;671;2004
Terejkowicz;Roman;Oględziński;Januaria;670;2004
Salomyk;Denis;Synklarz;Klaudyna;669;2004
Idzieczak;Mikołaj;Swietliczna;Otylia;668;2004
Rozumczyk;Rościgniew;Paliświt;Będzisława;667;2004
Kielaszek;Mauryn;Waroś;Lea;666;2004
Nimec;Gabriel;Biendara;Loretta;665;2004
Brzuchala;Gotfryd;Gontów;Wincenta;664;2004
Kłębek;Marek;Kroboczyński;Sewera;663;2004
Krzistek;Ludosław;Łygoń;Zbigniewa;662;2004
Mittelstaedt;Rupert;Wałeski;Kwiryna;661;2004
Cording;Lubor;Susczyk;Dagmara;660;2004
Dajsendor;Bonifacy;Taft;Ruta;659;2004
Girdziuk;Konrad;Ogonkowski;Aurora;658;2004
Frączków;Galezy;Steiman;Dionizja;657;2004
Zasępiło;Brodzisław;Płatczyk;Idalia;656;2004
Wietrzna;Festus;Liberak;Aga;655;2004
Slodkowska;Humbert;Hachaj;Liberata;654;2004
Kadzica;Robert;Mytręga;Krystyna;653;2004
Catania;Ezdrasz;Chudda;Teodozja;652;2004
Zyzny;Sieciesław;Tacław;Zuzanna;651;2004
Gaflowska;Eryk;Bujacki;Felicyta;650;2004
Czapla;Konstanty;Ejszrych;Angelika;649;2004
Ałsztukanis;Manfred;Giedrojec;Domisława;648;2004
Podsudzik;Natalis;Dziudzi;Klaudyna;647;2004
Waschte;Laurenty;Kasarełło;Miłosława;646;2004
Idryjan;Więcesław;Kopienka;Krystyna;645;2004
Berher;Roch;Jakiemyszyn;Swetłana;644;2004
Kuffer;Dobiegniew;Zmyślna;Iwa;643;2004
Patarewicz;Radociech;Birkhahn;Augustyna;642;2004
Pulnarowicz;Bronimir;Sacoła;Loretta;641;2004
Łuchowska;Saturnin;Morszczyzna;Nonna;640;2004
Balczenko;Gerwazy;Strzembski;Sylwia;639;2004
Koropiowska;Racisław;Mazgiś;Jolanta;638;2004
Schmiot;Oktawian;Menczyński;Anatolia;637;2004
Brzenkalik;Siemiodrog;Czertok;Jarmiła;636;2004
Doszek;Cezary;Chodoniec;Dąbrówka;635;2004
Smałkowska;Oswald;Ciomcia;Jerosława;634;2004
Strauska;Alpinian;Pinczewski;Ifigenia;633;2004
Ożarowicz;Agaton;Palczakiewicz;Teodora;632;2004
Stynkowiak;Wszemił;Żelant;Wielisława;631;2004
Sywyk;Artur;Procajła;Bogdana;630;2004
Winiorek;Jacenty;Awerczuk;Konrada;629;2004
Stelniaszewska;Achacy;Chanaczowski;Pryscylla;628;2004
Hupczuk;Dobrymir;Dobrik;Areta;627;2004
Kurczakowski;Wyszesław;Jóźwiszyn;Kazimiera;626;2004
Szoltys;Witalis;Kostyta;Danuta;625;2004
Maslich;Fryderyk;Nedechowicz;Przemysława;624;2004
Brytus;Wszebąd;Rawza;Witosława;623;2004
Korłup;Erwin;Tronczyński;Pola;622;2004
Firoch;Charyzjusz;Słabka;Blanka;621;2004
Pilan;Leszek;Talun;Przybysława;620;2004
Sodakowska;Miromir;Karasimiuk;Gerarda;619;2004
Hanasyk;Wacław;Stomatowski;Talita;618;2004
Jiruse;Alf;Brudecki;Stella;617;2004
Dzięmczenko;Iwon;Hądzlik;Ewdokia;616;2004
Indrynas;Jonatan;Ozor;Pia;615;2004
Lebuśko;Naum;Pempel;Honoryna;614;2004
Wan Dessel;Longinus;Perkun;Kinga;613;2004
Ablamowicz;Chwalimir;Lesnobrodzki;Filomena;612;2004
Kukaty;Zbrosław;Ejdowski;Julianna;611;2004
Obszarski;Bertrand;Zachoszcz;Oktawia;610;2004
Waleszczuk;Pius;Jeróżalska;Nadia;609;2004
Husy;Domarad;Gołgowski;Wiera;608;2004
Pietrasiuk;Alojzy;Maruda;Żywia;607;2004
Helleuer;Gościmił;Krickel;Ismena;606;2004
Gromaszek;Gotfryd;Karuc;Erazma;605;2004
Chołek;Epifaniusz;Szczukin;Borzysława;604;2004
Durkarz;Ścibor;Zaniemen;Kornelia;603;2004
Czarnoczyński;Dymitr;Kuczapa;Mariola;602;2004
Zebik;Melchior;Katros;Leonia;601;2004
Lokan;Taras;Kisz vel Kiziak;Loda;600;2004
Żelis;Ścibor;Noczeński;Radzisława;599;2004
Krzywiniak;Dziersław;Sołdyn;Radomiła;598;2004
Bakuta;Aron;Styger;Dobiesława;597;2004
Trelenberg;Asteriusz;Barknecht;Tatiana;596;2004
Sengotta;Sierosław;Czychyra;Perpetua;595;2004
Kołtynowicz;Konstantyn;Borda;Gaudencja;594;2004
Łagotka;Fryderyk;Kiwicz;Anna;593;2004
Rososzczuk;Martynin;Berggren;Samuela;592;2004
Gieruza;Unisław;Ksepko;Sobiesława;591;2004
Frydlender;Lambert;Krzemiak;Stronisława;590;2004
Selerek;Bohusz;Bełz;Leokadia;589;2004
Burińska;Dalegor;Cwinkowski;Larysa;588;2004
Lenertowicz;Juliusz;Cegowska;Żywia;587;2004
Maliczyńska;Natanael;Schaniel;Wojciecha;586;2004
Parzenczewski;Ciechomir;Waniewski;Wojciecha;585;2004
Buksa;Floryn;Lindra;Maja;584;2004
Diebl;Mansfet;Chociaj;Ścibora;583;2004
Jadwiszczek;Franciszek;Pamienkowski;Wrzesława;582;2004
Łapiedon;Bogumir;Riesenfeld;Scholastyka;581;2004
Choręgiewicz;Cyprian;Ostapkiewicz;Wiwanna;580;2004
Korotyniec;Fabrycjan;Gabriańczyk;Eunika;579;2004
Achwat;Emilian;Tichanow;Ofelia;578;2004
Jarochowicz;Herman;Staszczuk vel Michniak;Adolfina;577;2004
Bielar;Franciszek Salezy;Burzik;Józefina;576;2004
Berhang;Onufry;Krzemieniecki;Sędzisława;575;2004
Czafleńska;Zdobysław;Niżak;Tomira;574;2004
Łótka;Ado;Kurenbuch;Beda;573;2004
Walachos;Wiesław;Reducka;Izabela;572;2004
Felga;Liwiusz;Sołomaniuk;Malwina;571;2004
Gregajtys;Łucjusz;Lenser;Ludmiła;570;2004
Pruchner;Lutomysł;Błażeczek;Tworzysława;569;2004
Smajek;Przybyrad;Muz;Swietłana;568;2004
Lankamer;Ewelin;Błaga;Iryda;567;2004
Szczęścikiewicz;Gościmir;Pupiń;Aneta;566;2004
Pijowska;Job;Pisiulska;Saturnina;565;2004
Cwanola;Borzysław;Gronmeyer;Ksenia;564;2004
Daszna;Racisław;Greder;Julietta;563;2004
Bakowiecka;Arkady;Krestow;Kaja;562;2004
Kocharczenko;Wilibald;Deszcz;Wanda;561;2004
Teresak;Konstantyn;Mackuń;Lucja;560;2004
Kuprajtys;Axel;Grajcarz;Isaura;559;2004
Dorol;Honorat;Fröhlich;Karola;558;2004
Gnilka;Maksymilian;Gordaus;Nikita;557;2004
Milluch;Wojbor;Jakubowiak;Edwarda;556;2004
Raboliński;Herkulan;Wawryła;Paulina;555;2004
Kanachowicz;Bonawentura;Samatyj;Maria;554;2004
Sikierzyński;Bożywoj;Skoczurzyński;Loda;553;2004
Renciewicz;Drogomir;Piegza;Szczęsna;552;2004
Dawlut;Broniwoj;Garganin;Klemencja;551;2004
Krojewska;Nahum;Niekludów;Maja;550;2004
Folkner;Kalasanty;Barteczko;Kordelia;549;2004
Painta;Gerwazy;Sturzebecher;Georgia;548;2004
Tychania;Wiaczesław;Natucki;Ingeborga;547;2004
Dołhoszyja;Amedeusz;Hefer;Bogusława;546;2004
Miskiałojć;Heliasz;Palucki;Lilianna;545;2004
Bełenkowska;Wyszomir;Wyler;Dobromira;544;2004
Bachlarz;Onufry;Łotopolski;Sulimiera;543;2004
Marfionek;Sławobor;Rozwodowski;Zuzanna;542;2004
Sassi;Jordan;Korcaba;Adelina;541;2004
Nisgorski;Niegosław;Liczurkiewicz;Ksenia;540;2004
Bryl;Sylwan;Dzirżak;Ozanna;539;2004
Nieruchuj;Manswet;Kwakowska;Leonida;538;2004
Darch;Konstanty;Wyślicki;Bogna;537;2004
Zamieczyński;Donald;Prakowska;Dalila;536;2004
Netza;Zorian;Karakandas;Ludomiła;535;2004
Panas vel Kamiński;Martyn;Bostnowska;Martyna;534;2004
Grzybowiecki;Hieronim;Goździeliński;Chwalisława;533;2004
Osrodek;Tolimir;Szleński;Delfina;532;2004
Skopijek;Włodzimir;Durkacz;Blandyna;531;2004
Gnocik;Bean;Lorisch;Bernadetta;530;2004
Paplicki;Pimen;Zdrożny;Lolita;529;2004
Fraunfelder;Serwacy;Koczurkiewicz;Ligia;528;2004
Domzioł;Uniegost;Cieniewski;Ariela;527;2004
Sztumpf;Otton;Wiliżyński;Kordula;526;2004
Pradel;Izydor;Cholenicka;Selma;525;2004
Worozański;Klaudian;Tatla;Jerosława;524;2004
Biekiesz;Ninogniew;Fedorejko;Loda;523;2004
Drusła;Więczysław;Geldberg;Jewdocha;522;2004
Legarski;Teofil;Sęgiel;Diomeda;521;2004
Nies;Godzimierz;Saworzek;Isaura;520;2004
Breisa;Wendelin;Kirul;Loretta;519;2004
Polawowska;Wolimir;Kamorek;Ariadna;518;2004
Borałowska;Godzimierz;Oraczko;Toska;517;2004
Suchań;Salezy;Wawrzusin;Daria;516;2004
Chrączyński;Cierpisław;Szalbirak;Beatrycze;515;2004
Ludwa;Sylwester;Planecki;Łucja;514;2004
Jankosz;Protazy;Zygłowicz;Adriana;513;2004
Syrojec;Wieńczysław;Tężyk;Laurentyna;512;2004
Bołkowski;Ksenofont;Gmosiński;Gracja;511;2004
Biżako;Budzisz;Schalla;Irina;510;2004
Lukiewicz;Bazylid;Łeheta;Budzisława;509;2004
Stragała;Strzeżywoj;Grzeżułkowski;Romana;508;2004
Dubrownik;Kir;Głodna;Karolina;507;2004
Łazutko;Donat;Poróg;Hanna;506;2004
Wariasz;Wadim;Dołomysiewicz;Maryna;505;2004
Koruplińska;Egbert;Saduła;Klara;504;2004
Frotschki;Karol Boromeusz;Bartuzi;Cezaryna;503;2004
Racza;Demetriusz;Brześ;Delfina;502;2004
Kridl;Cieszyrad;Sudowicz;Sylwia;501;2004
Koźnin;Sławosz;Świdergoł;Mironiega;500;2004
Gierant;Hilary;Pomerenke;Ruta;499;2004
Rehmet;Laurencjusz;Gobeń;Tamara;498;2004
Selent;Wespazjan;Ciuchta;Ksenia;497;2004
Pynka;Wojbor;Aleksowicz;Epifania;496;2004
Więckowicz;Ferdynand;Chraca;Sybilla;495;2004
Czubryt;Rafael;Kojniak;Sofia;494;2004
Dojlid;Gerwazy;Longos;Wincenta;493;2004
Dierzęcki;Leoncjusz;Dzewiór;Wiola;492;2004
Sznejfus;Petroniusz;Stejner;Mechtylda;491;2004
Szwiedczyński;Kondrat;Dyżerski;Gerarda;490;2004
Kryszkier;Zdzimir;Pompalska;Felicja;489;2004
Rosiecki;Ludwik;Damezel;Atanazja;488;2004
Lajsztul;Erast;Burło;Wincenta;487;2004
Mrosowski;Olaf;Fronda;Wielisława;486;2004
Kolmetz;Mścigniew;Buchl;Witosława;485;2004
Bindemann;Rygobert;Burgisser;Pęcisława;484;2004
Leźniuk;Florencjusz;Wojciulewicz;Róża;483;2004
Mikułowski;Herman;Kuchańska;Marita;482;2004
Bramirska;Siestrzewit;Arkitek;Milenia;481;2004
Rebakowski;Angel;Leriendowicz;Wera;480;2004
Hrudeń;Czechasz;Maniak;Leontyna;479;2004
Zbuczyński;Karol;Dabiarczyk;Maura;478;2004
Harmacki;Igor;Winców;Stefania;477;2004
Patrowicz;Gotfryd;Eberharolt;Glikeria;476;2004
Okipska;Więcerad;Falkman;Fabia;475;2004
Borylik;Gedeon;Szmirkowski;Augustyna;474;2004
Nitzki;Walter;Gieling;Samuela;473;2004
Tede;Paschalis;Zezło;Waleria;472;2004
Kusimierczyk;Karolin;Fudala;Justyna;471;2004
Żeżyński;Domosław;Niesciór;Bogumiła;470;2004
Widzikowska;Pompejusz;Bułanow;Miła;469;2004
Tablewski;Bożymierz;Dołowiak;Oda;468;2004
Cepak;Domamir;Klewiński;Marcela;467;2004
Kułyka;Achacy;Schlittkusz;Ilia;466;2004
Chajdziony;Uniegost;Szachnitowski;Maria;465;2004
Godzicki;Niegomir;Kłuzek;Julietta;464;2004
Szigulski;Przybyczest;Nowodzielski;Agrypina;463;2004
Frytkowska;Nikodem;Merdo;Jagoda;462;2004
Kocyrba;Tacjusz;Adydam;Joachima;461;2004
Dżus;Herman;Nieckosiński;Ruta;460;2004
Łagutoczkin;Benedykt;Wałczacki;Oktawia;459;2004
Gurgulewicz;Sobiesław;Sutuniec;Galla;458;2004
Engelart;Zacheusz;Dobolski;Neomiła;457;2004
Kimstecz;Cyprian;Saboczyński;Gryzelda;456;2004
Sałat;Humbert;Weselik;Mechtylda;455;2004
Postrzygacz;Gotfryd;Godras;Przemysława;454;2004
Ditchen;Fryderyk;Lidor;Lubomira;453;2004
Kajma;Tyberiusz;Glanciak;Bożysława;452;2004
Kurok;Antonin;Iliuczyk;Emanuela;451;2004
Zasybski;Klaudian;Światłowicz;Diomada;450;2004
Dołhań;Adolf;Kobodzian;Begina;449;2004
Jęsko;Radomysł;Christopf;Aisza;448;2004
Glejksner;Leon;Nimitz;Józefa;447;2004
Babisk;Julian;Kadunski;Jagoda;446;2004
Łocman;Jonasz;Nilaniewicz;Aniela;445;2004
Chiniów;Damaris;Karbicki;Rozalia;444;2004
Niesterow;Sewer;Wojtków;Walentyna;443;2004
Połęga;Bolemysł;Rawrowicz;Tworzysława;442;2004
Bessel;Salwator;Bamberger;Zdzisława;441;2004
Gromyko;Siemiodrog;Samotacha;Marcjanna;440;2004
Curiszkiewicz;Bertrand;Kreczyk;Fabiola;439;2004
Frenk;Amon;Newlaczyn;Demetria;438;2004
Wembergier;Lubogost;Żochowiec;Adrianna;437;2004
Hilimaniuk;Witalian;Pochocki;Arleta;436;2004
Sidko;Joachim;Dimitriew;Hilaria;435;2004
Jołkiert;Władysław;Krzynowy;Violetta;434;2004
Gintera;Laurenty;Türschmid;Sara;433;2004
Masiowicz;Bogurad;Mickiewicz;Toma;432;2004
Serben;Artur;Resztar;Mścisława;431;2004
Ksyszyn;Aureli;Melawiuk;Marcelina;430;2004
Mazarewicz;Sebastian;Urwicz;Angelika;429;2004
Lingestad;Wilhelm;Paruczyńska;Talita;428;2004
Szrubarczyk;Kalasanty;Ozan;Amiceta;427;2004
Kaczmorek;Euzebiusz;Połoszański;Adela;426;2004
Tokmina;Cyrus;Ficermann;Samanta;425;2004
Zwolenik;Benignus;Schally;Lolita;424;2004
Cepłowska;Żelisław;Smagulska;Weronika;423;2004
Borchart;Boguchwał;Pantaler;Gertruda;422;2004
Tomszewski;Serafin;Kateliew;Malina;421;2004
Rupidura;Manfred;Kieczmachowski;Hipolita;420;2004
Wojciekjan;Herakles;Jęsiołowski;Bogna;419;2004
Rychlicki;Abraham;Hergesel;Cyriaka;418;2004
Breintscheidel;Auksencjusz;Szwiling;Biruta;417;2004
Külgen;Domarad;Mueller;Gloria;416;2004
Kalduński;Witalis;Drupińska;Magda;415;2004
Kormulska;Noe;Swonkowski;Kordelia;414;2004
Sankeus;Agatonik;Farbiarczyk;Roberta;413;2004
Moszol;Spycisław;Paryżek;Dobroniega;412;2004
Sołtyk-Sołtycki;Czech;Żawaryński;Marietta;411;2004
Zabrożyński;Leodegar;Rycki;Irma;410;2004
Penszyński;Ewaryst;Soyke;Agrypina;409;2004
Gocel;Jonatan;Miziewski;Toska;408;2004
Dedio;Niezamysł;Pipiołkowski;Maria;407;2004
Krylecki;Hipolit;Putzan;Tacjanna;406;2004
Ciowek;Flawian;Sarwiński;Rafaela;405;2004
Cwetanow;Protazy;Grzymka;Georgina;404;2004
Sabała;Czechoń;Łyjak;Sebastiana;403;2004
Fajhauer;Hieronim;Hejnisz;Mariola;402;2004
Ryzwanowicz;Epifan;Jazczuk;Amanda;401;2004
Szukiel;Medard;Paczułt;Iwona;400;2004
Kaczanko;Korneliusz;Szemiczek;Magdalena;399;2004
Wicenpichler;Włodzisław;Mendofik;Margareta;398;2004
Wenar;Cezariusz;Oryna;Zefiryna;397;2004
Steponajtys;Świeciech;Dubleski;Konradyna;396;2004
Anikiewicz;Aleksander;Dązbłaż;Teodozja;395;2004
Czochal;Gaudenty;Białograś;Kallina;394;2004
Ziniewski;Malwin;Mertenka;Wielisława;393;2004
Warmiak;Manswet;Kiłkowska;Zula;392;2004
Maszczak;Jonatan;Bowcelewicz;Domasława;391;2004
Brhring;Dacjan;Horuba;Agnieszka;390;2004
Poczdan;Wilibald;Szban;Lucja;389;2004
Strykosz;Rościsław;Januchty;Dionizja;388;2004
Litwinczyk;Hadrian;Sznurow;Cyriaka;387;2004
Bisaga;Dobromił;Uleński;Klementyna;386;2004
Lednow;Radowit;Wientczak;Balbina;385;2004
Bobiński;Benicjusz;Jaszczykowski;Aspazja;384;2004
Bucmaniuk;Doris;Dubielowski;Będzisława;383;2004
Plac;Siestrzewit;Gizielski;Berenike;382;2004
Sporelska;Lutomysł;Hauczka;Sylwana;381;2004
Rożkow;Priam;Arcowicz;Krystiana;380;2004
Strnad;Filip;Muschiol;Selma;379;2004
Sępolski;Czech;Boyland;Ulryka;378;2004
Meisnerowski;Trzebomysł;Rentok;Pola;377;2004
Timoszewicz;Bazyli;Rozszczynialska;Stella;376;2004
Koszembar;Horacjusz;Hamplewski;Więcemiła;375;2004
Zamulański;Zbysław;Strobisz;Flora;374;2004
Janikiewicz;Erhard;Holiasz;Stella;373;2004
Jandziaszek;Suliwoj;Myrc;Julita;372;2004
Radloff;Tyburcjusz;Brawo;Rajmunda;371;2004
Durlok;Klementyn;Niźnicki;Adela;370;2004
Seben;Siemirad;Niwieńska;Luba;369;2004
Święrak;Uniewit;Ścibiór;Olimpia;368;2004
Siedzicka;Zacheusz;Iwanaszko;Kamilla;367;2004
Andrukowska;Sylwester;Damieński;Kira;366;2004
Piomianowski;Norman;Ambroziuk;Marzena;365;2004
Głuszek;Korneli;Węzeł;Wojciecha;364;2004
Jendges;Sykstus;Jonderka;Fabiola;363;2004
Plys;Flawiusz;Pastuschka;Rafaela;362;2004
Nitschiński;Przybywoj;Pałacki;Prakseda;361;2004
Dygulski;Radowid;Piokutowska;Marta;360;2004
Ciepiek;Kacper;Łuba;Ksenia;359;2004
Preyer;Jonasz;Becmar;Swetłana;358;2004
Gabła;Orestes;Chaczaturjanc;Stella;357;2004
Poliświat;Teodozjusz;Sałacki;Irma;356;2004
Kłonkiewicz;Klaudian;Frołowski;Bibianna;355;2004
Hebl;Justyn;Netcer;Paulina;354;2004
Kwiat;Ludomił;Krzylewski;Julianna;353;2004
Józiek;Borysław;Walenia;Irena;352;2004
Macanek;Euzebiusz;Limonius;Marzanna;351;2004
Christopher;Iwon;Radziwiłłów;Kinga;350;2004
Pajsler;Demokryt;Rypiach;Domisława;349;2004
Tryznowski;Frumencjusz;Nahajka;Dagna;348;2004
Zabiłowicz;Sylwin;Rydzański;Wiesława;347;2004
Fonrath;Oliwier;Kosibak;Kordula;346;2004
Jakielski;Łazarz;Fiucz;Klementyna;345;2004
Szmolka;Soter;Tokarewicz;Monika;344;2004
Garbuna;Rudolf;Braczko;Ścibora;343;2004
Kunuch;Bronimir;Bażenow;Jagna;342;2004
Kajdadzi;Abraham;Romanicki;Halszka;341;2004
Wożniczak;August;Majdys;Gardenia;340;2004
Hernik;Świętomir;Sędłak;Bibianna;339;2004
Gankiewicz;Czcibor;Zabrzycki;Natasza;338;2004
Scąber;Darosław;Terlicz;Wojsława;337;2004
Lepszonek;Tyberiusz;Jugier;Fryderyka;336;2004
Cassan;Nahum;Seidel;Natasza;335;2004
Potajczuk;Dariusz;Kembrowski;Gościsława;334;2004
Gize;Strzeżysław;Kurąsiewicz;Margot;333;2004
Drubczak;Borysław;Nyberg;Izolda;332;2004
Sklarz;Bazyliusz;Fiedur;Konradyna;331;2004
Gielczowski;Grzegorz;Łozewicz;Malina;330;2004
Łaptaś;Innocenty;Karekowska;Ulryka;329;2004
Antrejuk;Lubomysł;Tham;Władysława;328;2004
Syryło;Marceli;Zbarański;Lubomira;327;2004
Szymkuc;Dagobert;Binasiak;Teofila;326;2004
Babarski;Konstancjusz;Pranińska;Oswalda;325;2004
Mineyko;Goar;Kapuszek;Celina;324;2004
Kleczoj;Artemon;Podbucki;Leokadia;323;2004
Cippel;Gerard;Rzempołów;Ewdokia;322;2004
Kacańska;Roman;Hermatys;Alfreda;321;2004
Benet;Faust;Madarski;Sylwana;320;2004
Stats;Bolesław;Czębiołko;Wiera;319;2004
Prosniewski;Błażej;Paniuticz;Albertyna;318;2004
Klebon;Ryszard;Kałuzieński;Aga;317;2004
Morasik;Dionizjusz;Żubruń;Lea;316;2004
Niechniadowicz;Lubomysł;Nabereżna;Wszebora;315;2004
Tempski;Trzebimir;Paraniakowska;Adamina;314;2004
Żyburtowicz;Arystarch;Steinbiss;Klara;313;2004
Rechinbach;Herakles;Skołas;Sędzisława;312;2004
Baradzicz;Lubomierz;Sklavenas;Karina;311;2004
Zmijak;Jan Kanty;Prohaś;Iwona;310;2004
Goldszmydt;Germanik;Taupieka;Tamara;309;2004
Lende;Maksymin;Jaznikiewicz;Pia;308;2004
Świerczeński;Wadim;Kronski;Radosława;307;2004
Dashorst;Ruprecht;Sataka;Dobiesława;306;2004
Jeleśniański;Czechoń;Kościec;Stronisława;305;2004
Babrej;Prochor;Szymuka;Jerosława;304;2004
Okubska;Świętosław;Cwit;Hilaria;303;2004
Bochowski;Tytus;Szpotun;Małgorzata;302;2004
Grodeus;Sławosz;Dybuś;Bernardyna;301;2004
Wieliczenko;Żytomir;Swietowicz;Toska;300;2004
Krisch;Zdobysław;Korgin;Wojciecha;299;2004
Makan;Rajnold;Piefka;Florentyna;298;2004
Miedzielski;Leonard;Słomiska;Cyriaka;297;2004
Szwera;Lubogost;Dobrogodzki;Klara;296;2004
Putraś;Masław;Terlikiewicz;Ignacja;295;2004
Rotfan;Olgierd;Agatowski;Adria;294;2004
Niegmann;Anatol;Trembowski;Lora;293;2004
Petri;Renat;Krzyczkiewicz;Potencjana;292;2004
Czajnowska;Kondrat;Minasz;Larysa;291;2004
Czachor;Witomił;Pradelski;Edyta;290;2004
Kudlia;Andron;Siring;Lea;289;2004
Strajc;Kajus;Gudzia;Świętosława;288;2004
Skarpyta;Addar;Niemurowicz;Tatiana;287;2004
Feyerstein;Otto;Przykopańska;Stanisława;286;2004
Schöebesberger;Teodor;Separowicz;Teofila;285;2004
Denkowski;Platon;Świtkiewicz;Szeliga;284;2004
Szelenberger;Kurt;Rezaniuk;Konrada;283;2004
Rozenbrum;Ziemisław;Heimberg;Mechtylda;282;2004
Drezer;Walter;Cieścik;Petronela;281;2004
Domel;Roman;Balbatun;Rudolfina;280;2004
Gużara;Zenobiusz;Bilibin;Leonarda;279;2004
Kożan;Radzimir;Strzębalski;Hiacynta;278;2004
Gorączek;Prudencjusz;Nidecki;Lechosława;277;2004
Stelarczuk;Liboriusz;Starżewicz;Wielisława;276;2004
Maluszys;Ambroży;Pierwicka;Angelika;275;2004
Ferblik;Modest;Hałasa;Eligia;274;2004
Gressel;Witomysł;Risko;Amiceta;273;2004
Bajbaków;Dzierżysław;Bisztyca;Tacjana;272;2004
Gord;Prosper;Nawka;Świętochna;271;2004
Koseta;Burchard;Hoeflich;Bohdana;270;2004
Poroszowska;Borzywoj;Repeła;Delfina;269;2004
Hołowko;Krzywosąd;Bobryszczew;Nadzieja;268;2004
Głodomski;Sławobor;Habciak;Ifigenia;267;2004
Cimek;Bonifacy;Indral;Bratumiła;266;2004
Budzisch;Kir;Chierkowski;Pryscylla;265;2004
Kosarga;Bronisz;Mierczewski;Augustyna;264;2004
Lajs;Leoncjusz;Bararz;Sonia;263;2004
Mysyk;Sylwery;Worf;Miłosława;262;2004
Włódczak;Męcimir;Przegolińska;Maryla;261;2004
Proia;Chrystian;Rokitensky;Juda;260;2004
Glob;Pimen;Posała;Małgorzata;259;2004
Prymer;Chociebor;Molenschot;Berna;258;2004
Karbulewicz;Bożydar;Sobajtis;Anastazja;257;2004
Willisz;Wenancjusz;Rembarska;Malina;256;2004
Kisieniowski;Jeremiasz;Ziniuk;Euzebia;255;2004
Loncek;Telesfor;Jasula;Mira;254;2004
Bałota;Strzeżysław;Mazikiewicz;Drogosława;253;2004
Hoska;Czechoń;Krystiasiak;Odilla;252;2004
Machnik;Porfirion;Wódke;Oda;251;2004
Prystypiuk;Lubor;Helant;Ligia;250;2004
Prenschoff;Pelagiusz;Samajłowicz;Huberta;249;2004
Szemendziuk;Domicjan;Pardalewicz;Prakseda;248;2004
Harda;Fabrycy;Aurika;Benedykta;247;2004
Ciecielog;Witalis;Tryfonow;Eliza;246;2004
Indych;Sofroniusz;Slachetko;Sulimiera;245;2004
Macz;Grzegorz;Chistek;Felicjana;244;2004
Mikinia;Priam;Batiuczek;Bratumiła;243;2004
Dubaszewska;Franciszek Salezy;Rozmytański;Bernadeta;242;2004
Plucner;Ewelin;Petzold;Kamila;241;2004
Mohyluk;Barabasz;Dziroki;Żalina;240;2004
Maciuszenko;Jacław;Krzisczyk;Fabiola;239;2004
Zakołodna;Sewerian;Chodyczko;Herminia;238;2004
Wierszyło;Kanizjusz;Debnar;Ignacja;237;2004
Sipuło;Uniegost;Cummach;Gallina;236;2004
Ignatoff;Niemir;Lessel;Sydonia;235;2004
Deleszkiewicz;Jeremiasz;Grólkowska;Flora;234;2004
Głowana;Gilbert;Łochan;Kira;233;2004
Tomiszczak;Maksymilian;Assendrich;Aldona;232;2004
Stempniuk;Ronald;Frolof;Roberta;231;2004
Schwandt;Święcimir;Katczan;Ligia;230;2004
Kwirszo;Dobronieg;Firańczyk;Margot;229;2004
Lingas;Wrzesław;Koczberski;Jerosława;228;2004
Altbaum;Rainer;Sasanowicz;Galla;227;2004
Walęsiak;Hortensjusz;Tusch;Angelina;226;2004
Warreiter;Jonatan;Bierciewicz;Stella;225;2004
Klety;Dezyderiusz;Osławski;Salomea;224;2004
Gamża;Darosław;Grzywadzki;Jaśmina;223;2004
Schwepka;Jarogniew;Motorna;Filomena;222;2004
Gówno;Broniwoj;Tomaszek-Rzeźnik;Tolisława;221;2004
Meinchard;Anastazy;Wasser;Ida;220;2004
Czuczos;Lechosław;Buruń;Sierosława;219;2004
Fedysiak;Boleczest;Chyjak;Ariadna;218;2004
Wiskulski;Wolmar;Michlewski;Strzeżysława;217;2004
Urain;Herbert;Kaczkiello;Czesława;216;2004
Klin;Adolf;Mangecka;Kamila;215;2004
Płeczek;Godzisz;Szpuła;Pia;214;2004
Selwod;Laurencjusz;Beroń;Minodora;213;2004
Nykolak;Benedykt;Monczałowska;Placydia;212;2004
Smiglak;Wróciwoj;Fieluf;Dąbrówka;211;2004
Dęcka;Sewerian;Szałko;Jewdocha;210;2004
Tyjkowski;Klemens;Dumtzlaff;Zdzisława;209;2004
Tyszkowski;Prosper;Kapacyn;Janina;208;2004
Lawosińska;Olech;Grobela;Wrzesława;207;2004
Łysobej;Sulirad;Właźlik;Wszebora;206;2004
Kłoskowski;Jeron;Kuschman;Matylda;205;2004
Hertmann;Witalis;Pamela;Ewdokia;204;2004
Czyznikowski;Nestor;Drewek;Klementyna;203;2004
Cyrajek;Kryspin;Kołonowska;Pelagia;202;2004
Szokał;Rafał;Grzeskiewicz;Alina;201;2004
Krydrych;Herkulan;Smal;Malina;200;2004
Haberer;Klet;Ryczajewicz;Saturnina;199;2004
Biernikowicz;Dalebor;Tomen;Boguchwała;198;2004
Ekstert;Tomasz;Śmiegasiewicz;Georgina;197;2004
Skrynicki;Bean;Sejfert;Martyna;196;2004
Pożeczna;Wrócimir;Gitman;Zawisza;195;2004
Czubok;Witomir;Orzeszczuk;Inez;194;2004
Kubaszak;Świętosław;Dokszewska;Jewdocha;193;2004
Jasienkowska;Miron;Targoszyński;Martyna;192;2004
Palimąka;Artus;Andreszczyk;Dobrocha;191;2004
Morganti;Emil;Pigler;Bolesława;190;2004
Gąbaczka;Bogudar;Fabuk;Teodora;189;2004
Szlonski;Sławobor;Sotniczuk;Eleonora;188;2004
Sidelniak;Uniedrog;Wojnikonis;Dianna;187;2004
William;Sądomir;Kurpalski;Cezaryna;186;2004
Nikody;Chryzostom;Osemlak;Bogusława;185;2004
Mulski;Szwieciech;Kronburg;Jerosława;184;2004
Gabriela;Jan;Hawaluk;Jaśmina;183;2004
Krzykliński;Bogudar;Kasańczyk;Emanuela;182;2004
Baderowicz;Heliasz;Lęgowik;Mścisława;181;2004
Kolało;Rodryk;Strużyna;Aneta;180;2004
Jaszczółd;Waleriusz;Ruptz;Czcibora;179;2004
Stonarski;Krzysztof;Drzeździon;Jewdocha;178;2004
Sysół;Gwidon;Stachoń;Matylda;177;2004
Pohorzecka;Faust;Wytrychiewicz;Zenona;176;2004
Pasamownik;Sierosław;Pabjasz;Hortensja;175;2004
Garuk;Libert;Macisius;Pęcisława;174;2004
Cymbalik;Salomon;Gniszkiewicz;Toska;173;2004
Farszmin;Petroniusz;Chronowion;Berna;172;2004
Bembalska;Radowit;Mórawski;Gardenia;171;2004
Kornasz;Przemysław;Komtroma;Krzesisława;170;2004
Wowek;Mamert;Pożuczek;Natasza;169;2004
Kuglarz;Gościrad;Magosz;Adamina;168;2004
Gorodziejczyk;Klementyn;Winczewicz;Malina;167;2004
Dusicka;Sulibor;Biliński;Telimena;166;2004
Usorowski;Manfred;Wosinkiewicz;Karola;165;2004
Kolberczyk;Siemiodrog;Gieciewicz;Kleopatra;164;2004
Serełko;Terencjusz;Siepko;Drogosława;163;2004
Olchowiak;Przybywoj;Rępczyński;Marina;162;2004
Angerman;Albaniusz;Elasińska;Więcesława;161;2004
Mrusczok;Zdzimir;Cierpiał;Zula;160;2004
Derin;Narcyz;Hechman;Areta;159;2004
Punkiewicz;Absalon;Spica;Georgia;158;2004
Gałuj;Antonin;Szeloc;Rozyna;157;2004
Małofiejew;Bożeciech;Pomogierska;Wioletta;156;2004
Skorodzień;Florentyn;Brydacki;Justyna;155;2004
Kokarow;Włościbor;Rajtor;Apolonia;154;2004
Kajca;Skarbimierz;Żołniezak;Saba;153;2004
Zygielewicz;Siestrzewit;Szypos;Inez;152;2004
Bębaś;Benon;Żołniak;Romana;151;2004
Toszek;Wrócisław;Kaczałowski;Eunika;150;2004
Pender;Więcerad;Lemaniak;Teofila;149;2004
Pacwa;Leopard;Mardarska;Stefania;148;2004
Krawczeniuk;Lech;Molasa;Cyriaka;147;2004
Gnacikowski;Gaudencjusz;Korzla;Donata;146;2004
Schlichtholz;Pakosław;Kieromin;Celina;145;2004
Matac;Ciechomir;Blaczna;Bogusława;144;2004
Cwirzyński;Kasper;Arszenik;Flora;143;2004
Minichowicz;Gorgoncjusz;Barca;Lamberta;142;2004
Żywałkowski;Borzysław;Mosór;Radzisława;141;2004
Laxa;Dobiegniew;Meczkowski;Genowefa;140;2004
Hoiczyk;Władymir;Dynaryński;Flora;139;2004
Rymszo;Sylweriusz;Dalinkiewicz;Franciszka;138;2004
Marsz;Ewelin;Brodt;Żywia;137;2004
Błoniewski;Konradyn;Świedzikowska;Malwina;136;2004
Grynberg;Nikanor;Gumienniuk;Dajana;135;2004
Drechler;Marian;Wasoczański;Scholastyka;134;2004
Mendaluk;Lenart;Slugajski;Potencjana;133;2004
Zagorodny;Donald;Hendoń;Leonarda;132;2004
Fiatow;Krzysztof;Sładzień;Jurata;131;2004
Prywerek;Cieszygor;Gacholak;Felicyta;130;2004
Dzierwanowski;Kajetan;Jędroszczak;Eleonora;129;2004
Gutweld;Michał;Dowicka;Liberata;128;2004
Bagusz;Renat;Sejdziński;Rudolfina;127;2004
Skrużny;Dobrowój;Hytel;Sobiesława;126;2004
Marynowicz;Antonin;Furno;Norma;125;2004
Oszejca;Brykcjusz;Szulski;Pola;124;2004
Pordulla;Lucjusz;Kirszenbaum;Żaklina;123;2004
Guzdzioł;Ignacy;Kułaczyński;Eliza;122;2004
Dondelewski;Wojbor;Kierszling;Neomiła;121;2004
Szumowski;Celestyn;Żałubnik;Bolesława;120;2004
Breiteneder;Pęcisław;Łałosz;Chwalimira;119;2004
Zołubak;Ruben;Pochucka;Berna;118;2004
Głuchowcew;Roman;Lebolac;Ingrid;117;2004
Chumięcki;Cieszysław;Sukmanista;Manuela;116;2004
Hillebrand;Tymoteusz;Gjadła;Ewa;115;2004
Ałtyn;Augustyn;Gutkow;Dagna;114;2004
Lirenc;Soter;Brzęczek;Margot;113;2004
Starzemczyk;Mansfet;Zonzel;Rita;112;2004
Szeszów;Przesław;Ałsulska;Bolesława;111;2004
Marczynek;Roderyk;Jaroszuk-Jaroszewski;Feliksa;110;2004
Kiriakos;Idzi;Bojszer;Ganda;109;2004
Kotzwender;Lubogost;Burtna;Bibianna;108;2004
Rogutski;Tytus;Faszyna;Jewdocha;107;2004
Kolud;Maurycy;Rachowczyk;Lamberta;106;2004
Hofnagiel;German;Jaszdziewski;Begina;105;2004
Lencznerowicz;Bożydar;Kałahurka;Maura;104;2004
Dohnalik;Rajnold;Bojsarowicz;Magda;103;2004
Hejzler;Wrócimir;Didenków;Jerosława;102;2004
Kryszpowicka;Franciszek;Pomerlan;Arleta;101;2004
Rachmańczuk;Miłogost;Zarpiński;Augusta;100;2004
Kiwertz;Zdzimir;Drucis;Irina;99;2004
Hachelek;Wierzchosław;Podsiębierski;Domosława;98;2004
Stangrecik;Kewin;Steliżuk;Emanuela;97;2004
Trzewik;Herakles;Bakusz;Asteria;96;2004
Czyrychowicz;Bolebor;Swojnóg;Fryda;95;2004
Menio;Dymitr;Soduł;Zbigniewa;94;2004
Wawrzów;Gorzysław;Sikal;Eufrozyna;93;2004
Bilikiewicz;Cezary;Dourek;Margareta;92;2004
Frundt;Urlyk;Sawallich;Elwira;91;2004
Wranic;Miromir;Łychin;Aisza;90;2004
Szupulski;Alf;Piteński;Wierzchosława;89;2004
Wiessalla;Roch;Samiczuk;Wyszeniega;88;2004
Kochmistrz;Klet;Fundanicz;Leopoldyna;87;2004
Czwyrucka;Radowit;Korsekwa;Kwiryna;86;2004
Skorbuk;Bożebor;Kreczmann;Iwa;85;2004
Krepsztuc;Bronisz;Tusch;Wiwanna;84;2004
Koroniuk;Asteriusz;Narlech;Berta;83;2004
Prażmowski;Abdon;Mendryka;Mirosława;82;2004
Glit;Benicjusz;Misiączyk;Więcemiła;81;2004
Kucisz;Damaris;Kamacz;Fausta;80;2004
Hałon;Radomysł;Chołczenko;Eliga;79;2004
Ofiarowicz;Telesfor;Szyńk;Walentyna;78;2004
Harackiewicz;Uniedrog;Belenarowicz;Talita;77;2004
Wdowienko;Paschalis;Burand;Rufina;76;2004
Sogala;Bartosz;Sewestyjaniuk;Jagna;75;2004
Stacholec;Barabasz;Rugienis;Leonarda;74;2004
Eicheberger;Oktawiusz;Bąsak;Waleria;73;2004
Klasiński;Ali;Gażeka;Dalia;72;2004
Durmiła;Krzesimir;Petka;Lilla;71;2004
Lots;Bożysław;Jude;Donata;70;2004
Sztobnicki;Floryn;Chraścina;Lesława;69;2004
Miąstkowska;Ludomir;Obarzynek;Joachima;68;2004
Babinin;Przedwoj;Mażuga;Narcyza;67;2004
Bladziński;Nikanor;Diatkowicz;Selma;66;2004
Kołbuś;Czesemir;Kurilenko;Bogumiła;65;2004
Koptaś;Norman;Uglenica;Klaudyna;64;2004
Ferger;Chwalimir;Ditmar;Gryzelda;63;2004
Rystań;Bartłomiej;Gruszkowski;Kordelia;62;2004
Soch;Ciechomir;Maciuga;Natasza;61;2004
Brewczyk;Ramon;Cwajghaft;Linda;60;2004
Osałkowski;Rudolf;Budyńczyk;Bratumiła;59;2004
Hajm;Damazy;Tychułko;Odilla;58;2004
Jakutajć;Leander;Hubisz;Sławomira;57;2004
Kretik;Damazy;Smaruj;Radomiła;56;2004
Onkiel;Łucjan;Klikowicz;Edda;55;2004
Cedenbaum;Eberhard;Moliski;Aga;54;2004
Dziubary;Unimir;Pasyniak;Gawryła;53;2004
Stawianowska;Zbrosław;Petelczyk;Neomiła;52;2004
Nizborska;Edward;Herdesel;Sybilla;51;2004
Gładiś;Witołd;Ehrenhaus;Sawa;50;2004
Miróchna;Ozeasz;Dorywała;Maryna;49;2004
Cyfkowska;Mirogniew;Tynebor;Eufemia;48;2004
Stryszko;Częstowoj;Siemiradzki;Selma;47;2004
Ciężka;Wiktoriusz;Zbieś;Ernesta;46;2004
Apanel;Leonid;Gezman;Gizela;45;2004
Nejnerowska;Borzysław;Radzianko;Benita;44;2004
Szampowalski;Uniewit;Łukojko;Zenobia;43;2004
Dikerman;Jordan;Bratiuk;Eufemia;42;2004
Motłoszyński;Żytomir;Marchiel;Emilia;41;2004
Tulisz;Placyd;Grzadziela;Izyda;40;2004
Macajło;Flawian;Kacuń;Aniceta;39;2004
Matyja;Eweryst;Rood;Feliksa;38;2004
Jaźbor;Augustyn;Chłod;Magdalena;37;2004
Szawarowski;Jan;Haustein;Będzisława;36;2004
Andrusz;Anicet;Mezer;Aurela;35;2004
Orleański;Feliks;Andorało;Julietta;34;2004
Szupic;Tyberiusz;Czyżniewski;Ewa;33;2004
Mikóda;Przybysław;Chelwing vel Grzybowski;Metoda;32;2004
Podbaraczyński;Mironieg;Grząźko;Flora;31;2004
Olbert;Albrecht;Gelata;Bernardeta;30;2004
Zbożna;Leonid;Dewaser;Rita;29;2004
Chałkowski;Tworzymir;Ziębkowski;Augustyna;28;2004
Bodarewicz;Alfons;Warenczak;Jaśmina;27;2004
Zelezniak;Job;Ściała;Gościsława;26;2004
Ulijański;Bazyli;Bachciak;Miłosława;25;2004
Karesz;Drogomił;Nierobisz;Jerosława;24;2004
Ciola;Albaniusz;Bajciul;Irina;23;2004
Kijak;Konrad;Mastrzyk;Izabella;22;2004
Parendyk;Dobromił;Drzymuchowski;Julianna;21;2004
Bortoszewska;Uniemysł;Gaładżun;Marianna;20;2004
Bombis;Bożebor;Wilnicki;Rachela;19;2004
Smużniak;Orestes;Krystopolska;Angela;18;2004
Himanek;Przedpełk;Dębiuch;Boguchwała;17;2004
Zinber;Radogost;Serhejczuk;Perpetua;16;2004
Struński;Izydor;Pontychowicz;Talita;15;2004
Malicki;Symeon;Fydrych;Amiceta;14;2004
Leboszka;Maksymin;Klejnik;Sierosława;13;2004
Siurczyk;Cieszygor;Machinka;Eufrozyna;12;2004
Aleksandrzyk;Olgierd;Pilchowski;Alojza;11;2004
Ługasiewicz;Stojsław;Bagnicki;Nina;10;2004
Schlink;Godzisław;Karzec;Otylia;9;2004
Łysuniak;Salomon;Edellmüller;Adelina;8;2004
Bankowski;Michał;Urbiak;Ludwina;7;2004
Rozmusz;Brunon;Gałojuch;Leopolda;6;2004
Dołgolewski;Myślibor;Bełczyk;Sybilla;5;2004
Sugak;Przedwoj;Olenycz;Świętosława;4;2004
Wertz;Ambroży;Wołkanis;Maryla;3;2004
Boyke;Maurycy;Sciański;Epifania;2;2004
Friberg;Maksymin;Zamkowski;Serafina;1;2004
