Indruch;Romualda;1000;1998
Ałkowski;Flora;999;1998
Wienzierz;Danuta;998;1998
Czajdo;Magda;997;1998
Kalwarowski;Arletta;996;1998
Kimsztacz;Liberata;995;1998
Herlinger;Gerarda;994;1998
Korzus;Ganda;993;1998
Zborucki;Hortensja;992;1998
Przemakowska;Agrypina;991;1998
Noh;Pia;990;1998
Babirszo;Bratumiła;989;1998
Gąsczak;Anastazja;988;1998
Jeśniok;Pudecjanna;987;1998
Siatka;Isaura;986;1998
Drabiarz;Kinga;985;1998
Gierter;Renata;984;1998
Kartelik;Luiza;983;1998
Dworec;Ilza;982;1998
Debolski;Fryda;981;1998
Nykołyszak;Romualda;980;1998
Rokocz;Bryda;979;1998
Cyngott;Nikita;978;1998
Szufa;Berta;977;1998
Malańczyk;Estera;976;1998
Paszkiet;Diana;975;1998
Birszel;Nora;974;1998
Staniosz;Wiwanna;973;1998
Juklewicz;Celina;972;1998
Ochowicz;Maja;971;1998
Mordelak;Świętomira;970;1998
Farmaga;Erazma;969;1998
Stryguń;Zefiryna;968;1998
Szestopałow;Angelina;967;1998
Wremba;Domosława;966;1998
Bielakiewicz;Rebeka;965;1998
Kioler;Benedykta;964;1998
Lysik;Albertyna;963;1998
Kopiszke;Milena;962;1998
Ministerska;Elwira;961;1998
Łażniewski;Ita;960;1998
Cętka-Sobotkiewicz;Margot;959;1998
Kuszelewicz;Sylwana;958;1998
Druzyc;Ciechosława;957;1998
Chochiacz;Jadwiga;956;1998
Hellbranolt;Lora;955;1998
Łacenko;Nonna;954;1998
Goraczkowski;Czesława;953;1998
Kociański;Berna;952;1998
Kipowczyk;Martyna;951;1998
Tucza;Tomira;950;1998
Wasanow;Longina;949;1998
Bredon;Alina;948;1998
Jadodziński;Hildegarda;947;1998
Szakoło;Marzena;946;1998
Różnow;Beda;945;1998
Gniewski;Ita;944;1998
Dwojcak;Kira;943;1998
Hunicz;Władysława;942;1998
Brzeg;Materna;941;1998
Macieszowicz;Imisława;940;1998
Sowieszczenko;Kinga;939;1998
Rembowiecki;Dianna;938;1998
Miedwiedź;Beata;937;1998
Hołuczka;Budzisława;936;1998
Dżwigniewska;Zbigniewa;935;1998
Kruczaj;Karolina;934;1998
Kreft;Martyna;933;1998
Laperska;Nadzieja;932;1998
Poezja;Godzisława;931;1998
Gojdek;Sabina;930;1998
Zrębkowska;Celestyna;929;1998
Glubke;Jerosława;928;1998
Liebfeld;Magdalena;927;1998
Stawec;Marcela;926;1998
Białaczyk;Ramona;925;1998
Ługosz;Domisława;924;1998
Judowski;Borzysława;923;1998
Pługosińska;Otylia;922;1998
Skomorkiewicz;Loda;921;1998
Regajło;Petronia;920;1998
Zomorsztajn;Liberata;919;1998
Nabrzeski;Joachima;918;1998
Solorek;Szeliga;917;1998
Gomon;Strzeżysława;916;1998
Ryczmer;Chwalisława;915;1998
Mesek;Klementyna;914;1998
Chowiński;Eudokia;913;1998
Festerman;Tadeusza;912;1998
Pyzda;Szymoneta;911;1998
Dastich;Mścisława;910;1998
Hombesz;Berenika;909;1998
Ozorczyk;Aisza;908;1998
Geła;Danuta;907;1998
Wójek;Przecława;906;1998
Warakowski;Lechosława;905;1998
Skworszczów;Magda;904;1998
Popilarz;Dajana;903;1998
Hełbin;Bryda;902;1998
Założyc;Wilma;901;1998
Chuziel;Wiesława;900;1998
Miedzia;Leonia;899;1998
Kasyjaniuk;Józefina;898;1998
Ristow;Małgorzata;897;1998
Wonieczna;Martyna;896;1998
Naguszewski;Honoryna;895;1998
Labendowska;Rebeka;894;1998
Fryszkowski;Lilianna;893;1998
Kwapniewski;Zawisza;892;1998
Piaskota;Kallina;891;1998
Nigmatulin;Serafina;890;1998
Ordutowski;Eulalia;889;1998
Bąłch;Eudoksja;888;1998
Hadomik;Zenona;887;1998
Łabędż;Dianna;886;1998
Posim;Saba;885;1998
Sobot;Benigna;884;1998
Tempka;Leopoldyna;883;1998
Rozanków;Seweryna;882;1998
Rajca;Łucja;881;1998
Taszczewska;Przecława;880;1998
Salis;Kolombina;879;1998
Pielecha;Pamela;878;1998
Dydzan;Bończa;877;1998
Gebber;Ludwina;876;1998
Pensik;Amalia;875;1998
Zajadło;Żegota;874;1998
Katerżawa;Władysława;873;1998
Gicelman;Adolfina;872;1998
Głodziński;Kornelia;871;1998
Kaptuszak;Antonina;870;1998
Skórczewski;Krzysztofa;869;1998
Gołykowska;Gracja;868;1998
Chahuła;Jurata;867;1998
Kondriatiuk;Katarzyna;866;1998
Schwenkel;Tadeusza;865;1998
Paubeczek;Sława;864;1998
Kiejdrowski;Marzanna;863;1998
Esen;Krystyna;862;1998
Jędrek;Nikita;861;1998
Szandrocka;Małgorzata;860;1998
Pomplun;Maja;859;1998
Wocniak;Marlena;858;1998
Bihniak;Marika;857;1998
Siembór;Eugenia;856;1998
Winzel;Nora;855;1998
Żaryń;Sława;854;1998
Abrusewicz;Wojciecha;853;1998
Narojczyk;Krystiana;852;1998
Erlancki;Otylia;851;1998
Bezarczuk;Agnieszka;850;1998
Jędrucha;Mariola;849;1998
Przygiecka;Domosława;848;1998
Pakła;Ludmiła;847;1998
Kurlonek;Angelika;846;1998
Warok;Berna;845;1998
Paradus;Linda;844;1998
Figus;Jagna;843;1998
Wachol;Berna;842;1998
Kuculisz;Ariela;841;1998
Orędowski;Franciszka;840;1998
Coblewicz;Saba;839;1998
Siełacz;Kaliksta;838;1998
Kołtuszów;Arleta;837;1998
Wiczner;Dalila;836;1998
Ronczkiewicz;Rozalia;835;1998
Kotfis;Aniela;834;1998
Połahniuk;Liberata;833;1998
Najuch;Kalina;832;1998
Surochowicz;Lilianna;831;1998
Lemondowska;Gerarda;830;1998
Fodali;Dyzma;829;1998
Tuhankiewicz;Judyta;828;1998
Sercow;Bolesława;827;1998
Lotawiec;Kamelia;826;1998
Bokciniewicz;Krystyna;825;1998
Kwasin;Dalia;824;1998
Dyjas;Roma;823;1998
Horbów;Edda;822;1998
Zabłotnik;Czcibora;821;1998
Wakułowicz;Boguchwała;820;1998
Miłkosz;Brygida;819;1998
Gór;Lucjola;818;1998
Stadyk;Kordelia;817;1998
Rzóńca;Gracja;816;1998
Wywręta;Krystyna;815;1998
Czeluściński;Sławomira;814;1998
Korwata;Józefa;813;1998
Maszelska;Tolisława;812;1998
Bimerowska;Fryda;811;1998
Idem;Cyntia;810;1998
Okręglak;Karena;809;1998
Jęczek;Oliwia;808;1998
Aleksiejczyk;Elwira;807;1998
Dobacińska;Pola;806;1998
Ciekało;Gaudencja;805;1998
Karanikolow;Bazylissa;804;1998
Magnuszewski;Serafina;803;1998
Myśkowski;Nora;802;1998
Siesłuchowska;Kordelia;801;1998
Szeffczyk;Konradyna;800;1998
Jaumien;Krzysztofa;799;1998
Wzientek;Bernadetta;798;1998
Śniewierski;Wilma;797;1998
Nytyszyn;Janina;796;1998
Machyła;Wierzchosława;795;1998
Gusaryk;Larysa;794;1998
Grządziela;Lolita;793;1998
Wrzeszczewicz;Alma;792;1998
Opar;Mironiega;791;1998
Buciuła;Filipina;790;1998
Chmarra;Emerencja;789;1998
Dobieska;Loretta;788;1998
Czerkaszyna;Lena;787;1998
Rembecki;Emanuela;786;1998
Rosiles;Idalia;785;1998
Witoński;Georgina;784;1998
Machholtz;Dobrochna;783;1998
Warciński;Ariela;782;1998
Kasperski;Perpetua;781;1998
Kryśbin;Dobisława;780;1998
Dangot;Iwa;779;1998
Bodziory;Domicela;778;1998
Szebel;Saturnina;777;1998
Wnąk;Eudokia;776;1998
Tenus;Domosława;775;1998
Kendziorek;Laura;774;1998
Wołyszko;Amelia;773;1998
Kiepirzepa;Luba;772;1998
Motejuk;Zula;771;1998
Dwuźnik;Lechosława;770;1998
Weinisch;Iga;769;1998
Smiejowska;Wrzesława;768;1998
Gnus;Seweryna;767;1998
Wiatzka;Maria Magdalena;766;1998
Engelsztein;Aurela;765;1998
Ryglicki;Gawryła;764;1998
Birta;Konradyna;763;1998
Dietl;Wanda;762;1998
Wagstyl;Leonia;761;1998
Blechnarczyk;Lechosława;760;1998
Ślusakowicz;Marcelina;759;1998
Dryjowicz;Sewera;758;1998
Mełeń;Benita;757;1998
Dernikowska;Chwalisława;756;1998
Gendziwełna;Beda;755;1998
Skajkowska;Maria Magdalena;754;1998
Lebodzińska;Sonia;753;1998
Nawocki;Marika;752;1998
Dmytruszkiewicz;Loretta;751;1998
Kluże;Liliana;750;1998
Terębiński;Berna;749;1998
Rebij;Ludomiła;748;1998
Szerksznis;Kamila;747;1998
Stromak;Stella;746;1998
Maruchoł;Ciechosława;745;1998
Schołtysik;Anita;744;1998
Ostopińska;Kleopatra;743;1998
Kumieszczo;Ifigenia;742;1998
Wieżelewski;Areta;741;1998
Palakowska;Klaudyna;740;1998
Sręk;Ganda;739;1998
Bełek;Emerencja;738;1998
Jachiniak;Dajana;737;1998
Dormanowski;Ariadna;736;1998
Dobrostan;Eufrozyna;735;1998
Tanikowski;Anastazja;734;1998
Smigulski;Demetria;733;1998
Korkus;Lamberta;732;1998
Młodorzyński;Milenia;731;1998
Ciciera;Chwalisława;730;1998
Hanik;Florentyna;729;1998
Gosztyra;Oriana;728;1998
Uziało;Aurelia;727;1998
Grygielski;Dezyderia;726;1998
Munzberg;Amiceta;725;1998
Utylski;Klaudyna;724;1998
Łac;Ludwina;723;1998
Pociolik;Malwina;722;1998
Lindek;Beatrycze;721;1998
Dyrowski;Lora;720;1998
Pośnik;Lubosza;719;1998
Deśkiewicz;Wera;718;1998
Budyrko;Nonna;717;1998
Juszczyszyna;Eliga;716;1998
Petryński;Dalia;715;1998
Deselberg;Aspazja;714;1998
Parfjanowicz;Donata;713;1998
Mesta;Radzisława;712;1998
Kopak;Feliksa;711;1998
Motriuk;Bazylissa;710;1998
Berkoszczuk;Witolda;709;1998
Kotyras;Rufina;708;1998
Świdliński;Ksenia;707;1998
Gebiś;Hermenegilda;706;1998
Gogon;Bogumiła;705;1998
Kozbur;Ida;704;1998
Latoszewicz;Mścisława;703;1998
Fener;Areta;702;1998
Szcząsna;Dobrosława;701;1998
Glassner;Euzebia;700;1998
Szarleja;Renata;699;1998
Charmała;Orchidea;698;1998
Moszur;Eufemia;697;1998
Szpiler;Dobrochna;696;1998
Nieczywko;Dobromira;695;1998
Łacnak;Materna;694;1998
Janiech;Kwiryna;693;1998
Kaszluga;Lucyna;692;1998
Capkowska;Metoda;691;1998
Arciuk;Chwalimira;690;1998
Glaudel;Berna;689;1998
Bereźka;Kinga;688;1998
Cierniewicz;Pulcheria;687;1998
Henezel;Klaudyna;686;1998
Maciczak;Manfreda;685;1998
Paręcka;Izyda;684;1998
Skitek;Hermenia;683;1998
Cewandowska;Maria;682;1998
Wyndiuk;Więcemiła;681;1998
Czernej;Dalila;680;1998
Uniowski;Domicela;679;1998
Swieć;Eudokia;678;1998
Boll;Wincenta;677;1998
Peresłucha;Samanta;676;1998
Gantor;Wilhelmina;675;1998
Delikator;Mindora;674;1998
Barwiuk;Jaśmina;673;1998
Huceł;Domosława;672;1998
Cząska;Dawida;671;1998
Franosek;Karola;670;1998
Pamarański;Berenika;669;1998
Ślaszkiewicz;Wrócisława;668;1998
Sanikowski;Waldemara;667;1998
Cederski;Zora;666;1998
Włodarczyk;Emerencja;665;1998
Skrapko;Antonina;664;1998
Przybylek;Taida;663;1998
Welecz;Balbina;662;1998
Jagiełło;Eudoksja;661;1998
Hepra;Olimpia;660;1998
Dziedziuszko;Rena;659;1998
Pasićniek;Klaudyna;658;1998
Gergulska;Petronia;657;1998
Przabyś;Maryla;656;1998
Białasik;Bratumiła;655;1998
Dziędziok;Aspazja;654;1998
Arata;Tomisława;653;1998
Zilin;Nimfa;652;1998
Nicolaisen;Marianna;651;1998
Skałbańja;Aurelia;650;1998
Tralla;Blanka;649;1998
Obarowicz;Żywia;648;1998
Gawrjołek;Boguchwała;647;1998
Kunofalski;Milena;646;1998
Pand;Adolfa;645;1998
Jawisz;Wierzchosława;644;1998
Szmulach;Loda;643;1998
Feyska;Miranda;642;1998
Lanterbach;Augusta;641;1998
Mażdziarz;Prakseda;640;1998
Pora-Leonowicz;Alina;639;1998
Jęhorek;Telisława;638;1998
Krah;Amiceta;637;1998
Litzner;Maria Magdalena;636;1998
Siemieradzki;Dobrosława;635;1998
Pozorek;Szymoneta;634;1998
Chuchela;Tatiana;633;1998
Lewaniec;Bożena;632;1998
Łapaciuch;Żalina;631;1998
Siebiak;Ilza;630;1998
Kaczmarzik;Bernadeta;629;1998
Mażęda;Beatrycze;628;1998
Labid;Fortunata;627;1998
Mandke;Dalia;626;1998
Orzała;Urszula;625;1998
Kusztera;Dziersława;624;1998
Hajdiuk;Żegota;623;1998
Harmacki;Hortensja;622;1998
Suwałło;Blanka;621;1998
Sozwa;Matylda;620;1998
Donsaft;Bończa;619;1998
Wajder;Przecława;618;1998
Melarz;Odilla;617;1998
Buchko;Będzisława;616;1998
Hałowska;Wrócisława;615;1998
Warterowicz;Gloria;614;1998
Starczek;Zdzisława;613;1998
Goppus;Atanazja;612;1998
Lopatta;Karina;611;1998
Sekienda;Bibianna;610;1998
Koscisz;Maryla;609;1998
Kolendarski;Lubosza;608;1998
Okręciak;Budzisława;607;1998
Muraniejko;Hermenegilda;606;1998
Parfion;Gizela;605;1998
Korzenicki;Warwara;604;1998
Błesiński;Więcesława;603;1998
Rzemienic;Stronisława;602;1998
Ziętala;Adria;601;1998
Szczymielów;Będzisława;600;1998
Rewiczky;Bartolomea;599;1998
Hodowiec;Feliksa;598;1998
Karszewski;Anastazja;597;1998
Guderczyk;Oliwia;596;1998
Pardyka;Bartolomea;595;1998
Wallenburg;Eudoksja;594;1998
Holla;Krzesisława;593;1998
Tuschik;Oswalda;592;1998
Cwiećko;Ciechosława;591;1998
Micherdzyński;Ruta;590;1998
Binkońska;Ariela;589;1998
Kryciak;Kordula;588;1998
Rympel;Nina;587;1998
Rederska;Dominika;586;1998
Malosse;Strzeżysława;585;1998
Butanowicz;Ada;584;1998
Wawrończuk;Dobromiła;583;1998
Kejl;Marietta;582;1998
Hullmann;Edwarda;581;1998
Chrzępa;Alfreda;580;1998
Szymlik;Dagna;579;1998
Gryżyn;Zdzisława;578;1998
Raze;Dalida;577;1998
Raida;Sulisława;576;1998
Sztich;Laurentyna;575;1998
Rochan;Nora;574;1998
Maksakow;Dobroniega;573;1998
Kokracki;Amalia;572;1998
Krzywonosiuk;Lucja;571;1998
Szychtarz;Lea;570;1998
Kocunyk;Zuzanna;569;1998
Zakrzyński;Adolfa;568;1998
Szlutow;Laurentyna;567;1998
Boiwińska;Bazylissa;566;1998
Tallat;Idalia;565;1998
Raymund;Blandyna;564;1998
Herold;Dina;563;1998
Babik;Raissa;562;1998
Kniaziewicz;Sobiesława;561;1998
Król-Domoń;Amadea;560;1998
Sieniewicz;Dina;559;1998
Tupikow;Monika;558;1998
Standzikowski;Nonna;557;1998
Lasonczyk;Bożeciecha;556;1998
Mikijaniec;Urszula;555;1998
Sekuterski;Rościsława;554;1998
Cierżyńska;Amelia;553;1998
Węziński;Władysława;552;1998
Wehl;Diana;551;1998
Kolejczuk;Halka;550;1998
Potęmpa;Lechosława;549;1998
Tapczak;Miła;548;1998
Kaucki;Albertyna;547;1998
Hofsznajder;Monika;546;1998
Slużałek;Ilona;545;1998
Morgin;Begina;544;1998
Mick;Swietłana;543;1998
Betta;Kallina;542;1998
Starkbauer;Anatolia;541;1998
Lembkie;Leonarda;540;1998
Kiliman;Wyszeniega;539;1998
Mładek;Dianna;538;1998
Dregas;Eliza;537;1998
Switeńko;Dominika;536;1998
Harasińczyk;Ewdokia;535;1998
Bożicz;Filomena;534;1998
Paciorak;Julia;533;1998
Krschniak;Augusta;532;1998
Szłuka;Patrycja;531;1998
Czerepowicz;Huberta;530;1998
Łokcewicz;Cecylia;529;1998
Pasztalska;Kinga;528;1998
Kordyjaczna;Chwalimira;527;1998
Kaja;Józefa;526;1998
Dalki;Zdzisława;525;1998
Magórski;Aurela;524;1998
Garstak;Kalina;523;1998
Męczarski;Aurelia;522;1998
Szneller;Pulcheria;521;1998
Gostal;Nora;520;1998
Rozlan;Inez;519;1998
Drapuń;Pęcisława;518;1998
Pillath;Dalila;517;1998
Tomidaj;Erazma;516;1998
Piedowóz;Leona;515;1998
Krochowiec;Ewdokia;514;1998
Bupka;Czesława;513;1998
Wadermanska;Tomisława;512;1998
Sętkowiak;Aldona;511;1998
Cieliczko;Nimfa;510;1998
Misek;Otylia;509;1998
Gorbaczyk;Ilona;508;1998
Gajler;Oliwia;507;1998
Erenfraund;Madlena;506;1998
Burczaniuk;Oliwia;505;1998
Firas;Alojza;504;1998
Szkocz;Kwiryna;503;1998
Herc;Alicja;502;1998
Barżyk;Emma;501;1998
Chujeba;Jarosława;500;1998
Ajsler;Lechosława;499;1998
Szetnik;Marzena;498;1998
Chmielawski;Mira;497;1998
Motusz;Epifania;496;1998
Chilmen;Patrycja;495;1998
Walczy;Isaura;494;1998
Batrak;Adria;493;1998
Litoszewska;Łucja;492;1998
Kałatuch;Longina;491;1998
Deruga;Laza;490;1998
Niebisz;Stanisława;489;1998
Haczkiewicz;Leopoldyna;488;1998
Dymkowski vel Dymek;Krystiana;487;1998
Eustkiewicz;Milenia;486;1998
Zembel;Klaudyna;485;1998
Hojda;Aurora;484;1998
Hucbój;Bożeciecha;483;1998
Gopaniuk;Salome;482;1998
Kostanuk;Beda;481;1998
Jęgrzejczak;Romana;480;1998
Jankosz;Wiola;479;1998
Olieniacz;Irma;478;1998
Weliński;Barbara;477;1998
Zybkiewicz;Marianna;476;1998
Monow;Adolfina;475;1998
Rusakowski;Oswalda;474;1998
Eknet;Zuzanna;473;1998
Szajkiewicz;Ludgarda;472;1998
Brummund;Ewdokia;471;1998
Borhardt;Alfonsyna;470;1998
Reimisch;Więcesława;469;1998
Znamiecki;Oswalda;468;1998
Łubecki;Honorata;467;1998
Syrotiak;Dąbrówka;466;1998
Gracoń;Kornelia;465;1998
Benczalski;Mironiega;464;1998
Miątkowski;Rena;463;1998
Łomeć;Lubosza;462;1998
Chamak;Jagoda;461;1998
Idycha;Aleksandra;460;1998
Fionc;Galla;459;1998
Sysdół;Violetta;458;1998
Pawlytko;Adolfina;457;1998
Nadelewicz;Warwara;456;1998
Siemienicki;Epifania;455;1998
Kłodyński;Sędzisława;454;1998
Matyńka;Faustyna;453;1998
Jamka;Neomiła;452;1998
Zwiślewski;Lucyna;451;1998
Wojtałów;Sulisława;450;1998
Gągorowski;Jarosława;449;1998
Skiemski;Świętomira;448;1998
Wasieniak;Kesja;447;1998
Baciar;Lamberta;446;1998
Jendryka;Leonida;445;1998
Melecha;Seweryna;444;1998
Marzotto;Dalia;443;1998
Bekosiewicz;Alina;442;1998
Koczmała;Boguchwała;441;1998
Haśnik;Raissa;440;1998
Krietiuk;Szczęsna;439;1998
Puzanowski;Sobiesława;438;1998
Trzos;Elwira;437;1998
Hudzina;Anita;436;1998
Plewacki;Tamara;435;1998
Czarmichowski;Paloma;434;1998
Ledwoniuch;Ariela;433;1998
Podkański;Glikeria;432;1998
Czarnulicz;Orchidea;431;1998
Grześkowicz;Ludwika;430;1998
Domarecki;Dionizja;429;1998
Manczarz;Klaudyna;428;1998
Koneń;Julita;427;1998
Tyroll;Ariadna;426;1998
Slisiewicz;Scholastyka;425;1998
Dąbłowska;Jadwiga;424;1998
Skoczyński;Modesta;423;1998
Krzyżanek;Samuela;422;1998
Panachit;Marzena;421;1998
Łazichiewicz;Bożena;420;1998
Nikody;Adelina;419;1998
Wieżlak;Jowita;418;1998
Grauer;Bartolomea;417;1998
Podkładnik;Jaśmina;416;1998
Wardilick;Marcelina;415;1998
Kondziarska;Zawisza;414;1998
Szajnowicz;Genowefa;413;1998
Papusza;Bończa;412;1998
Marjanczyk;Ilia;411;1998
Widaszek;Felicyta;410;1998
Rokoszczyc;Iga;409;1998
Slomian;Melania;408;1998
Miżniak;Zygfryda;407;1998
Bendas;Lilianna;406;1998
Warschau;Magda;405;1998
Luraniec;Drogosława;404;1998
Łancuch;Ksaweryna;403;1998
Skirżyńska;Szczęsna;402;1998
Kuper;Krystiana;401;1998
Szram;Strzeżysława;400;1998
Rympo;Kesja;399;1998
Gerchart;Zelmira;398;1998
Jochniak;Ifigenia;397;1998
Rembiech;Loda;396;1998
Skrętula;Beatrycze;395;1998
Szczerbkowski;Świętomira;394;1998
Czarnomorda;Ita;393;1998
Hrobok;Talita;392;1998
Sozyko;Mirabella;391;1998
Hłodz;Arleta;390;1998
Prętnicki;Alfonsyna;389;1998
Kainduła;Bolisława;388;1998
Gudwicz;Georgia;387;1998
Siermek;Zula;386;1998
Kaszany;Sybilla;385;1998
Ofiara;Alma;384;1998
Maczyk;Bogna;383;1998
Gronotka;Weronika;382;1998
Studuńska;Honoryna;381;1998
Neweluk;Dezyderia;380;1998
Tymiak;Gertruda;379;1998
Przybytkowski;Iwetta;378;1998
Socz;Łucja;377;1998
Benderowska;Paulina;376;1998
Czorfugo;Jadwiga;375;1998
Lolak;Miriam;374;1998
Drabro;Kaja;373;1998
Oseł;Bernardeta;372;1998
Kawulak;Mira;371;1998
Brańkowski;Arleta;370;1998
Steina;Alma;369;1998
Stefańczuk;Bożena;368;1998
Mortyko;Hermenegilda;367;1998
Iwaniuk-Sawczuk;Laura;366;1998
Czerniachowicz;Galla;365;1998
Dinić;Bogna;364;1998
Gelejzy;Hipolita;363;1998
Czense;Konstancja;362;1998
Mambelska;Marika;361;1998
Kostenczyk;Urszula;360;1998
Kuczara;Patrycja;359;1998
Drobieszewski;Domasława;358;1998
Boechter;Wojsława;357;1998
Brdyła;Georgia;356;1998
Dorre;Lidia;355;1998
Śmid;Dianna;354;1998
Segrodnik;Radomiła;353;1998
Ulman-Ulmański;Stronisława;352;1998
Kopisztecka;Ganda;351;1998
Gurajczyk;Bohdana;350;1998
Akatów;Tamara;349;1998
Myszok;Strzeżysława;348;1998
Kittinger;Milenia;347;1998
Suckart;Nadzieja;346;1998
Hadyś;Violetta;345;1998
Kiesła;Sydonia;344;1998
Kramaczyńska;Franciszka;343;1998
Gołoń;Sieciesława;342;1998
Raciborowski;Mina;341;1998
Wujastyk;Tacjanna;340;1998
Pobiedziński;Emma;339;1998
Idziak vel Tułacz;Gardenia;338;1998
Niezwiestny;Nikita;337;1998
Korzenko;Adamina;336;1998
Strusiński;Saba;335;1998
Auguściński;Malwina;334;1998
Tajanko;Prakseda;333;1998
Plabańczyk;Alicja;332;1998
Falandes;Tadeusza;331;1998
Materczyk;Larysa;330;1998
Skliba;Hipolita;329;1998
Bereda;Eudoksja;328;1998
Kołdyś;Ludgarda;327;1998
Macegoniuk;Eudokia;326;1998
Golusiński;Wacława;325;1998
Guzików;Barbara;324;1998
Nida;Gilda;323;1998
Seida;Filomena;322;1998
Algierski;Julianna;321;1998
Izdebczuk;Sulisława;320;1998
Dychanowa;Sara;319;1998
Węgrowiec;Beda;318;1998
Motłoszyński;Jarosława;317;1998
Fajcik;Hanna;316;1998
Szwedz;Pola;315;1998
Ciomborska;Franciszka;314;1998
Horek;Ida;313;1998
Urbeinzik;Petronela;312;1998
Gniazdziorz;Amata;311;1998
Weiner;Lilla;310;1998
Kaczymarzyk;Teodozja;309;1998
Kloż;Lucyna;308;1998
Rynewka;Gawryła;307;1998
Mereszko;Potencjana;306;1998
Michalunia;Zefiryna;305;1998
Witzberg;Genowefa;304;1998
Dzimkiewicz;Zuzanna;303;1998
Bodyt;Miriam;302;1998
Prasów;Jaśmina;301;1998
Felgenhauer;Izabella;300;1998
Bruzgiewicz;Jarosława;299;1998
Żeń;Wiesława;298;1998
Mospan;Cecylia;297;1998
Aichelmann;Emma;296;1998
Połocik;Aneta;295;1998
Ołowiak;Marika;294;1998
Sulik;Jakobina;293;1998
Pawkus;Saba;292;1998
Englerth;Żanna;291;1998
Krauża;Dziersława;290;1998
Binkawa;Nadzieja;289;1998
Hejdenrajch;Aldona;288;1998
Miodzianowska;Sebastiana;287;1998
Cefer;Pryscylla;286;1998
Kalarin;Lucylla;285;1998
Jakusch-Gostomski;Bryda;284;1998
Pałąk;Felicja;283;1998
Staden;Arleta;282;1998
Andrzejowicz;Honoryna;281;1998
Prokurator;Zdzisława;280;1998
Erichsen;Laurencja;279;1998
Chochmarz;Beata;278;1998
Wołczysz;Małgorzata;277;1998
Ziąbrowski;Gilda;276;1998
Blinkow;Żaneta;275;1998
Komor;Modesta;274;1998
Czehalińska;Dobiesława;273;1998
Pyrtaczyński;Halszka;272;1998
Musuła;Albina;271;1998
Piotrzak;Gardenia;270;1998
Szczygłowicz;Fabiola;269;1998
Dudjoć;Pudecjanna;268;1998
Szwizewska;Bończa;267;1998
Węgierczuk;Leopolda;266;1998
Sirkowski;Maura;265;1998
Zródłowski;Bernardyna;264;1998
Kreczyn;Klaudyna;263;1998
Obettyn;Kamilla;262;1998
Trefon;Anatolia;261;1998
Prokscha;Pryska;260;1998
Łażaj;Wojciecha;259;1998
Warzok;Eufrozyna;258;1998
Blaurok;Izyda;257;1998
Hadynka;Lilianna;256;1998
Padajko;Mirella;255;1998
Kościenko;Boguwola;254;1998
Rochotyńska;Nimfa;253;1998
Szponer;Rozalia;252;1998
Lacko;Wierzchosława;251;1998
Homienna;Marlena;250;1998
Hock;Ilona;249;1998
Haliżek;Ewelina;248;1998
Topałow;Lubomiła;247;1998
Jendriszek;Halka;246;1998
Macic;Marzanna;245;1998
Bolwoluk;Sebastiana;244;1998
Burgiełł;Kwiryna;243;1998
Rotner;Irena;242;1998
Wawarczyk;Krzysztofa;241;1998
Glosnek;Adolfina;240;1998
Pszuk;Filomena;239;1998
Tumanów;Afrodyta;238;1998
Rurała;Iwa;237;1998
Fiełka;Berta;236;1998
Ryfuń;Barbara;235;1998
Sitar;Maria Magdalena;234;1998
Harres;Teresa;233;1998
Miliczkiewicz;Klara;232;1998
Djedek;Ludgarda;231;1998
Skieciń;Przybysława;230;1998
Pożdżał;Wiola;229;1998
Jaglicz;Inga;228;1998
Sacharczenko;Albertyna;227;1998
Gudycka;Lilla;226;1998
Grzeszczykiewicz;Taida;225;1998
Tanajewski;Halina;224;1998
Bakera;Miranda;223;1998
Pacuszko;Geraldyna;222;1998
Choryza;Marita;221;1998
Dziwis;Ita;220;1998
Dynek;Swetłana;219;1998
Koczulska;Anita;218;1998
Biłocerkowiec;Sieciesława;217;1998
Gogacka;Rafaela;216;1998
Szpadrowska;Ada;215;1998
Muske;Helena;214;1998
Dewisiuk;Kornelia;213;1998
Wenckowicz;Serafina;212;1998
Dmytruszyn;Rita;211;1998
Bólimowski;Melania;210;1998
Wilniemczyc;Będzisława;209;1998
Dryk;Ludwika;208;1998
Seredko;Wilma;207;1998
Bełcikowski;Sieciesława;206;1998
Zdunczyk;Minodora;205;1998
Munduć;Zbigniewa;204;1998
Pryjnia;Fausta;203;1998
Dżarski;Tatiana;202;1998
Lutan;Wilhelmina;201;1998
Bardyło;Dobrochna;200;1998
Chandryko;Żaneta;199;1998
Krostyński;Dalida;198;1998
Naziembło;Edwarda;197;1998
Dikiert;Laza;196;1998
Jadnik;Kazimiera;195;1998
Zagozdon;Leopolda;194;1998
Strójka;Ariadna;193;1998
Lewenberger;Ganda;192;1998
Hoftkowicz;Adria;191;1998
Mamiś;Ofelia;190;1998
Kłosko;Faustyna;189;1998
Forowska;Wrzesława;188;1998
Ponantowski;Iga;187;1998
Pereduń;Luiza;186;1998
Ziadkowski;Angelina;185;1998
Saczyło;Ilia;184;1998
Humanik;Fausta;183;1998
Damarath;Norma;182;1998
Brynski;Rozyna;181;1998
Pobierża;Areta;180;1998
Zdziębłowska;Rudolfina;179;1998
Listonosz;Manfreda;178;1998
Duljasz;Borzysława;177;1998
Chlistowski;Sebastiana;176;1998
Kandowska;Mira;175;1998
Miske;Halszka;174;1998
Komuń;Bernadeta;173;1998
Globś;Godzisława;172;1998
Chumiecki;Warwara;171;1998
Zellewska;Tadeusza;170;1998
Jargań;Jowita;169;1998
Cemernych;Serafina;168;1998
Syrgied;Domasława;167;1998
Braznek;Żywia;166;1998
Pronosow;Lidia;165;1998
Walkarz;Zuzanna;164;1998
Popłacz;Romualda;163;1998
Rindner;Mścisława;162;1998
Drobkin;Petronia;161;1998
Kassperek;Ramona;160;1998
Krzebiatke;Wanda;159;1998
Janetzko;Leontyna;158;1998
Denenmark;Wrzesława;157;1998
Podraża;Kaliksta;156;1998
Mikelczuk;Dianna;155;1998
Ślączka;Jowita;154;1998
Wycinek;Berta;153;1998
Szalifirska;Aspazja;152;1998
Szwojczuk;Klara;151;1998
Kajczuga;Bolesława;150;1998
Bałaban;Hilaria;149;1998
Parmenko;Ryszarda;148;1998
Genz;Honorata;147;1998
Olekso;Lidia;146;1998
Rajło;Drogosława;145;1998
Włazeł;Adrianna;144;1998
Toczołowski;Celestyna;143;1998
Krumerey;Ksymena;142;1998
Łukawszczyk;Euzebia;141;1998
Kaciumba;Martyna;140;1998
Chań;Domosława;139;1998
Cinarski;Niegosława;138;1998
Niemczakiewicz;Milena;137;1998
Tarcz;Emiliana;136;1998
Wilim;Adria;135;1998
Jenderowicz;Marianna;134;1998
Jedrzejek;Stella;133;1998
Bobarska;Adamina;132;1998
Icher;Loda;131;1998
Frankenberg;Fryderyka;130;1998
Jambroszczak;Euzebia;129;1998
Radaszewski;Melania;128;1998
Jarłowska;Radzisława;127;1998
Mondszaj;Żanna;126;1998
Privara;Lora;125;1998
Tudra;Domicela;124;1998
Bierzanowski;Bogna;123;1998
Czubalski;Oksana;122;1998
Seidensznur;Drogosława;121;1998
Miziewicz;Augustyna;120;1998
Hołasińska;Lucjola;119;1998
Werygo;Potencjana;118;1998
Daziszewska;Miłosława;117;1998
Gotocki;Ingrid;116;1998
Ciencioch;Tomira;115;1998
Czas;Kornelia;114;1998
Musnicka;Radosława;113;1998
Honsumbek;Idalia;112;1998
Szwąder;Jowita;111;1998
Zelewicz;Pęcisława;110;1998
Cisarz;Jagna;109;1998
Hanczuk;Lolita;108;1998
Orcinek;Iga;107;1998
Pogalewska;Więcesława;106;1998
Ługacz;Żywia;105;1998
Wotkowycka;Kallina;104;1998
Hrywacz;Tatiana;103;1998
Białokopytow;Luiza;102;1998
Spichtinger;Bazylissa;101;1998
Metka;Mirella;100;1998
Sluciak;Benigna;99;1998
Adomas;Blanka;98;1998
Horbotowicz;Domicela;97;1998
Gurazda;Cyntia;96;1998
Dymorska;Loretta;95;1998
Chorwat;Dalila;94;1998
Skrętka;Jewdocha;93;1998
Grzendziński;Taida;92;1998
Kolomski;Adrianna;91;1998
Jawita;Gawryła;90;1998
Zbieżna;Anna;89;1998
Dzizdak;Dina;88;1998
Karuszowic;Januaria;87;1998
Mokszysz;Mina;86;1998
Cumka;Ifigenia;85;1998
Lamch;Samanta;84;1998
Tarajka;Honoryna;83;1998
Gieruta;Ofelia;82;1998
Homeja;Wojsława;81;1998
Widurek;Materna;80;1998
Szmikowski;Tacjana;79;1998
Dowhoszyja;Józefa;78;1998
Burgess;Irma;77;1998
Przygożski;Grzymisława;76;1998
Szlużycka;Ksenia;75;1998
Rudniuk;Kamelia;74;1998
Justowski;Marianna;73;1998
Delmata;Ada;72;1998
Medel;Bernardyna;71;1998
Róstkowska;Linda;70;1998
Górnioczek;Chwalimira;69;1998
Farnacka;Jarema;68;1998
Muraski;Dobiesława;67;1998
Owczarowa;Melania;66;1998
Magnutzki;Rajmunda;65;1998
Mistygacz;Agnieszka;64;1998
Obuszak;Mironiega;63;1998
Cepachowicz;Diomada;62;1998
Zauszkiewicz;Mścisława;61;1998
Rays;Madlena;60;1998
Radaniecka;Anita;59;1998
Małunowicz;Stronisława;58;1998
Droger;Sylwia;57;1998
Oświata;Mirabella;56;1998
Krzystoszak;Felicjana;55;1998
Sterlak;Demetria;54;1998
Szneliński;Ludwina;53;1998
Mentelski;Benedykta;52;1998
Józewaciuk;Dagmara;51;1998
Kuźmiecow;Gizela;50;1998
Ziurkowski;Będzisława;49;1998
Gotuszko;Włościsława;48;1998
Kuklasiński;Kaliksta;47;1998
Siekl;Aniceta;46;1998
Obcięta;Henryka;45;1998
Pruna;Maja;44;1998
Ekmann;Józefa;43;1998
Mustafaga;Sewera;42;1998
Gnatewska;Isaura;41;1998
Liściak;Sewera;40;1998
Szestoń;Inga;39;1998
Czarnuszko;Dobrochna;38;1998
Hodaniewicz;Józefina;37;1998
Franeman;Liliana;36;1998
Pęchra;Eugenia;35;1998
Kołoszycz;Oliwia;34;1998
Ciuchniewska;Domisława;33;1998
Latosiński;Helena;32;1998
Gramz;Irina;31;1998
Hajel;Roksana;30;1998
Hande;Ludmiła;29;1998
Pieleszkiewicz;Rościsława;28;1998
Zamerlak;Więcesława;27;1998
Swarkowska;Aida;26;1998
Werenko;Fabiola;25;1998
Tonski;Wiktoryna;24;1998
Zbąk;Wojsława;23;1998
Budzichowski;Krystyna;22;1998
Czarnicki;Rozanna;21;1998
Piskul;Sydonia;20;1998
Dziasko;Jakobina;19;1998
Suchorukow;Bogusława;18;1998
Siberski;Szymoneta;17;1998
Wąwożny;Sierosława;16;1998
Macharadze;Ifigenia;15;1998
Nisońska;Warwara;14;1998
Medweczky;Oda;13;1998
Ryzak;Jakobina;12;1998
Belweder;Zelmira;11;1998
Naworycka;Violetta;10;1998
Demrath;Norberta;9;1998
Briga;Fryda;8;1998
Januga;Bazylissa;7;1998
Grzewica;Ingrid;6;1998
Ucink;Diomeda;5;1998
Herbuz;Milenia;4;1998
Jasieczko;Ksaweryna;3;1998
Breworski;Malina;2;1998
Ajduk;Sulimiera;1;1998
Dziędzielowski;Stojmir;1000;1997
Bodorek;Dymitriusz;999;1997
Bzdok;Żywisław;998;1997
Filechowska;Zorian;997;1997
Nijaka;Epifani;996;1997
Maślejak;Pęcisław;995;1997
Welcmar;Jarogniew;994;1997
Lemisiewicz;Bean;993;1997
Gebur;Jazon;992;1997
Ardenowska;Hugo;991;1997
Kuhlert;Skarbimierz;990;1997
Szprych;Prot;989;1997
Skiłat;Zdziwoj;988;1997
Kulasek;Micheasz;987;1997
Droja;Bartłomiej;986;1997
Runge;Cieszymir;985;1997
Szawletta;Leonidas;984;1997
Młowiec;Eustachiusz;983;1997
Kartanowicz;Paramon;982;1997
Leferberg;Prot;981;1997
Hevler;Boleczest;980;1997
Reczulski;Eudoksjusz;979;1997
Jendreś;Dionizjusz;978;1997
Gelejewska;Hiacynt;977;1997
Jarżnicka;Dobromił;976;1997
Gengało;Ludomił;975;1997
Romankow;Radzimir;974;1997
Sostawa;Namysław;973;1997
Kowaleńko;Ubald;972;1997
Flesman;Diogenes;971;1997
Iwacewicz;Paschalis;970;1997
Parnicki;Miłogost;969;1997
Eppel;Nosisław;968;1997
Androłowicz;Jędrzej;967;1997
Widegren;Unimir;966;1997
Michuł;Salwin;965;1997
Lyra;Gwalbert;964;1997
Kilion;Symplicjusz;963;1997
Anisiowicz;Zacheusz;962;1997
Schwider;Demetriusz;961;1997
Hopkowicz;Fabian;960;1997
Menderek;Dezydery;959;1997
Kosarcz;Sławomir;958;1997
Zuków;Radomir;957;1997
Krodich;Pimen;956;1997
Rumnik;Hortensjusz;955;1997
Szpyrna;Leszek;954;1997
Waraszko;Bogusz;953;1997
Thol;Melchior;952;1997
Cypryak;Będzimir;951;1997
Korosadowicz;Bernard;950;1997
Tuna;Dominik;949;1997
Miąkota;Łucjusz;948;1997
Kobrych;Mokij;947;1997
Setnik;Charyzjusz;946;1997
Redelski;Dan;945;1997
Jenżak;Zbigniew;944;1997
Steczyna;Tomisław;943;1997
Skoworodkin;Barabasz;942;1997
Cymbala;Włodziwoj;941;1997
Broussard;Siestrzewit;940;1997
Orkwiszewski;Leopard;939;1997
Zapasnik;Cezariusz;938;1997
Jałmuźniak;Bazyl;937;1997
Zupański;Godzimir;936;1997
Blaski;Atanazy;935;1997
Wodzka;Samson;934;1997
Karchlik;Pelagiusz;933;1997
Diewulski;Lechosław;932;1997
Stanio;Dariusz;931;1997
Rajczowski;Siestrzewit;930;1997
Łabrosiewicz;Daniel;929;1997
Jendraszkiewicz;Telesfor;928;1997
Gośka;Alan;927;1997
Garko;Dobrosław;926;1997
Trykozo;Sofroniusz;925;1997
Jąder;Filemon;924;1997
Dieszko;Miłosz;923;1997
Klepko;Siestrzewit;922;1997
Sidok;Probus;921;1997
Stafanowski;August;920;1997
Łabanow;Dan;919;1997
Jędryszczak;Onufry;918;1997
Lubaja;Arnold;917;1997
Piskulak;Wasyl;916;1997
Cetinic;Godzisław;915;1997
Gedronowicz;RenĂÂ©;914;1997
Jacyniewicz;Wojsław;913;1997
Kulczakiewicz;Amon;912;1997
Kuźniczuk;Cyryl;911;1997
Rajnoga;Witołd;910;1997
Januszaniec;Cyriak;909;1997
Stankis vel Stankius;Kordian;908;1997
Drazik;Sabin;907;1997
Nikolin;Zenobiusz;906;1997
Pagór;Paweł;905;1997
Matreńczuk;Jozue;904;1997
Garbiak;Jerzy;903;1997
Langhofer;Dymitr;902;1997
Melcher;Martynin;901;1997
Gierasimczik;Euchariusz;900;1997
Lipson;Twardosław;899;1997
Żegraj;Ursyn;898;1997
Goldmacher;Tworzysław;897;1997
Stafańczyk;Nepomucen;896;1997
Kondratska;Heliasz;895;1997
Rachela;Jaczewoj;894;1997
Posiełek;Redogort;893;1997
Prante;Paramon;892;1997
Slendzielarz;Zachariasz;891;1997
Indebski;Mojmir;890;1997
Dziabeł;Adolf;889;1997
Lackowski;Lutomir;888;1997
Miczulis;Engelbert;887;1997
Bistyk;Cecylian;886;1997
Stemler;Rajmund;885;1997
Padyjaszek;Saturnin;884;1997
Chrystuk;Walery;883;1997
Dynoś;Nawoj;882;1997
Hosiak;Faustyn;881;1997
Ratajszczak;Erwin;880;1997
Stronkowski;Duszan;879;1997
Kordusiak;Niemir;878;1997
Bekirska;Ildefons;877;1997
Czyżma;Albin;876;1997
Szynkarowicz;Pelagiusz;875;1997
Folwarczna;Izaak;874;1997
Hlebowicki;Maur;873;1997
Beizert;Dominik;872;1997
Grusch;Karol Boromeusz;871;1997
Raif;Lutosław;870;1997
Lupkowska;Bonifacy;869;1997
Gajer;Faustyn;868;1997
Jacenciuk;Radowit;867;1997
Pelpliński;Martynian;866;1997
Tanwic;Ronald;865;1997
Zętała;Dobrowiest;864;1997
Belzerman;Wenancjusz;863;1997
Szymelpfenig;Roger;862;1997
Gerdyma;Jeremi;861;1997
Kałtunowicz;Sierosław;860;1997
Schmolke;Franciszek Salezy;859;1997
Pomorański;Herkulan;858;1997
Klimczar;Tymoteusz;857;1997
Rysiawy;Myślibor;856;1997
Jakimuszko;Roger;855;1997
Haflik;Sewer;854;1997
Żądło;Nelly;853;1997
Klebek;Gall;852;1997
Marmor;Świętomir;851;1997
Skurnicki;Mamert;850;1997
Bohmert;Dominik;849;1997
Nikoleńska;Lechosław;848;1997
Piffer;Teodozjusz;847;1997
Czeluśnik;Abraham;846;1997
Loborowski;Danisz;845;1997
Sziler;Tomisław;844;1997
Żydkowicz;Absalon;843;1997
Krystacka;Wojciech;842;1997
Włolikozielec;Sulpicjusz;841;1997
Bowisławska;Enoch;840;1997
Biger;Irydion;839;1997
Dangward;Jacek;838;1997
Dertkowski;Borzymir;837;1997
Pienszka;Wilibald;836;1997
Dybos;Apoloniusz;835;1997
Inatowicz;Bartosz;834;1997
Machucki;Fidelis;833;1997
Kucyńska;Domawit;832;1997
Włodek;Gościmir;831;1997
Kućwir;Walery;830;1997
Zenobia;Robert;829;1997
Gogot;Witołd;828;1997
Chłoniewska;Dalegor;827;1997
Oberbak;Oskar;826;1997
Goldwasser;Ageusz;825;1997
Kinhard;Borys;824;1997
Bżdziel;Gościsław;823;1997
Kosiuba;Krystian;822;1997
Szyńkarczuk;Łękomir;821;1997
Staluszek;Boleczest;820;1997
Kroczoń;Longin;819;1997
Szytejko;Wit;818;1997
Jeran;Gaudenty;817;1997
Marędziak;Salezy;816;1997
Lawrenko;Marcjal;815;1997
Kierztyn;Andron;814;1997
Kierpał;Heliodor;813;1997
Dubarski;Bertram;812;1997
Rarata;Siemirad;811;1997
Kucowicz;Jan Gwalbert;810;1997
Siółko;Kondrad;809;1997
Góralczak;Miligost;808;1997
Kalyciak;Domarad;807;1997
Horodzińska;Wszemił;806;1997
Alfuth;Kasper;805;1997
Siwuń;Gniewomir;804;1997
Pąsik;Borzywoj;803;1997
Bohn;Egon;802;1997
Delechta;Lucjan;801;1997
Besztyrecha;Idzi;800;1997
Sroka-Lewosz;Hortensjusz;799;1997
Kopernas;Jakub;798;1997
Gostemczyk;Ageusz;797;1997
Kłubko;Bohdan;796;1997
Lieknerowicz;Alojzy;795;1997
Knutsson;Demokryt;794;1997
Kaniukiewicz;Wrócimir;793;1997
Fuszniak;Achacjusz;792;1997
Bebrzak;Romuald;791;1997
Ratużna;Bernardyn;790;1997
Mieciel;Ładysław;789;1997
Raizyngier;Bruno;788;1997
Rawnik;Harasym;787;1997
Drewło;Ildefons;786;1997
Bohdzielewicz;Maksymilian;785;1997
Janołowska;Domicjan;784;1997
Tabisz;Pankracy;783;1997
Kesa;Herkulan;782;1997
Jamrozowicz;Darosław;781;1997
Pertakowska;Tomir;780;1997
Warwarko;Toligniew;779;1997
Brinckenhoff;Kasper;778;1997
Bagler;Włościbor;777;1997
Ramaszke;Wszerad;776;1997
Świdler;Borysław;775;1997
Nudzbach;Kurt;774;1997
Pleciak;Stosław;773;1997
Hanejko;Hadrian;772;1997
Wajerowski;Izajasz;771;1997
Bukir;Włościbor;770;1997
Blichiewicz;Martyn;769;1997
Bekmann;Benedykt;768;1997
Drahos;Roland;767;1997
Piotryk;Bjorn;766;1997
Gaworzyński;German;765;1997
Roźniecki;Maksymin;764;1997
Trzęsowski;Harasym;763;1997
Halma;Bogumir;762;1997
Długas;Walentyn;761;1997
Blaik;Franciszek Salezy;760;1997
Hussein;Klet;759;1997
Birejka;Oktawiusz;758;1997
Ściężar;Horacjusz;757;1997
Mosing;Karol Boromeusz;756;1997
Troskowski;Herakliusz;755;1997
Ławnikowicz;Świeciech;754;1997
Bretlak;Niezamysł;753;1997
Jankonis;Natanael;752;1997
Mikołajczak;Wierzchosław;751;1997
Koniopacka;Wszeciech;750;1997
Robek;Niecisław;749;1997
Mackiewicz;Harasym;748;1997
Karnaszewski;Eliasz;747;1997
Rozumiecki;Balcer;746;1997
Żurad;Czechoń;745;1997
Mecka;Heliasz;744;1997
Brejt;Siemowit;743;1997
Wajgerd;Tyburcjusz;742;1997
Wyżgowiec;Lesław;741;1997
Zimczuk;Wrzesław;740;1997
Borbely;Hegezyp;739;1997
Poris;Frydolin;738;1997
Rzepelka;Michał;737;1997
Czołowicz;Jeremi;736;1997
Nakselon;Herkulan;735;1997
Wielbo;Sławobor;734;1997
Cantele;Bożywoj;733;1997
Hamarnik;Wróciwoj;732;1997
Rarajczyk;Lech;731;1997
Puczkielewicz;Lubor;730;1997
Ostapenko;Martynian;729;1997
Cholowicz;Gabor;728;1997
Szczor;Porfirion;727;1997
Muszumańska;Hermes;726;1997
Wnętowski;Tacjusz;725;1997
Brodziok;Gaspar;724;1997
Armland;Konradyn;723;1997
Tyderka;Budzisław;722;1997
Mironów;Domamir;721;1997
Barcuch;Bruno;720;1997
Wałecak;Janusz;719;1997
Koladda;Rościmir;718;1997
Drapan;Stefan;717;1997
Cedlerski;Gorgoncjusz;716;1997
Szałaciński;Chociesław;715;1997
Pudlo;Przecław;714;1997
Krystaniak;Bernardyn;713;1997
Frończyk;Sebald;712;1997
Izakowski;Jarogniew;711;1997
Mikoś;Częstomir;710;1997
Radwan-Pytlewski;Eweryst;709;1997
Mitczarek;Seweryn;708;1997
Sęndek;Witołd;707;1997
Kapi;Bartosz;706;1997
Gruszta;Serwacy;705;1997
Sklasin;Światozar;704;1997
Noganowicz;Wierzchosław;703;1997
Sołbut;Ursyn;702;1997
Ciompel;Sylwery;701;1997
Eigietis;Bożeciech;700;1997
Trelowicz;Trzebimir;699;1997
Podbierezki;Romuald;698;1997
Rostrzypała;Martyn;697;1997
Olszarska;Wyszesław;696;1997
Grześlewicz;Boromeusz;695;1997
Pocielej;Ksawery;694;1997
Laszica;Prot;693;1997
Łucik;Ruben;692;1997
Nartowski;Bjorn;691;1997
Firmanty;Prochor;690;1997
Omielanczyk;Włodzimierz;689;1997
Słowij;Abercjusz;688;1997
Drebschok;Herakles;687;1997
Leszmańska;Sędzisław;686;1997
Tałuch;Gosław;685;1997
Korwin-Kowalewski;Korneliusz;684;1997
Sykisz;Oliwier;683;1997
Machajewicz;Melchior;682;1997
Chocheł;Alfred;681;1997
Niemowna;Korneli;680;1997
Orzęcki;Emeryk;679;1997
Dynysów;Dominik;678;1997
Kuczembska;Klaus;677;1997
Zelasny;Lew;676;1997
Dorzynkiewicz;Budzigniew;675;1997
Łebiak;Niedamir;674;1997
Boikowska;Amon;673;1997
Szporek-Lutka;Dezydery;672;1997
Łapiecińska;Godzisław;671;1997
Habrecht;Cibor;670;1997
Kupojczyk;Natalis;669;1997
Małyszkin;Zorian;668;1997
Polokowski;Wespazjan;667;1997
Pośniak;Franciszek Salezy;666;1997
Woitas;Jonatan;665;1997
Glegola;Gustaw;664;1997
Derga;Pakosz;663;1997
Stefańcio;Walter;662;1997
Czepuchowicz;Klaudiusz;661;1997
Gamburg;Benicjusz;660;1997
Lioranta;Kazimierz;659;1997
Dowczyk;Goar;658;1997
Lamy;Hipolit;657;1997
Brażenko;Przybywoj;656;1997
Bałuta;Dan;655;1997
Kwiczla;Bogudar;654;1997
Goczki;Ignacy;653;1997
Koniczek;Sulpicjusz;652;1997
Zwijacz-Kozica;Hiacynt;651;1997
Mosiczak;Sawin;650;1997
Koporowski;Domarat;649;1997
Krówszyńska;Światozar;648;1997
Barala;Ciechosław;647;1997
Lebitko;Alojzy;646;1997
Bratmarska;Kanut;645;1997
Grzebyszak;Wenancjusz;644;1997
Bajter;Barnabasz;643;1997
Rauscher;Jakub;642;1997
Hochmut;Tolisław;641;1997
Gornisch;Wolmar;640;1997
Smugarzewski;Walery;639;1997
Wawruk;Lutomir;638;1997
Myszogląd;Ksawery;637;1997
Kandziura;Juliusz;636;1997
Saławacka;Wiktor;635;1997
Wondas;Ludosław;634;1997
Matfiejuk;Wrzesław;633;1997
Fradis;Igor;632;1997
Stopak;Rygobert;631;1997
Jasieniecki;Bolemir;630;1997
Sypuciński;Pęcisław;629;1997
Tistoczko;Prudencjusz;628;1997
Dolniewska;Damazy;627;1997
Chatrzewska;Krzesimir;626;1997
Poszlad;Agenor;625;1997
Grocik;Albaniusz;624;1997
Meysztowicz;Edwin;623;1997
Bojana;Addar;622;1997
Makrzak;Albin;621;1997
Śliczba;Kalistrat;620;1997
Nikiforow;Rościsław;619;1997
Jec;Jarosław;618;1997
Bonner;Bogusław;617;1997
Jaczniakowski;Bolebor;616;1997
Strzemeczny;Lewin;615;1997
Szmajdka;Sądzimir;614;1997
Zmełty;Czech;613;1997
Rykoczy;Aureli;612;1997
Reimschussl;Czesław;611;1997
Kurwulewicz;Balcer;610;1997
Latuś;Dezydery;609;1997
Kocykowska;Cieszybor;608;1997
Osidała;Kurt;607;1997
Łatciak;Telesfor;606;1997
Swidzyńska;Achacjusz;605;1997
Goitsch;Marcelin;604;1997
Klekawka;Mścisław;603;1997
Styboni;Torpet;602;1997
Zapłata;Grzymisław;601;1997
Mizdal;Zbygniew;600;1997
Stanuchiewicz;Cecyliusz;599;1997
Repatyńska;Agapit;598;1997
Andredzik;Ruprecht;597;1997
Deridowicz;Nieznamir;596;1997
Mamajski;Tworzymir;595;1997
Kreuz;Lucjan;594;1997
Strudziński;Jan Nepomucen;593;1997
Aptika;Sędziwoj;592;1997
Samagieł;Amon;591;1997
Lobarska;Marcjan;590;1997
Burstin;Tezeusz;589;1997
Majsiej;Fortunat;588;1997
Smolińczak;Euzebiusz;587;1997
Hotała;Duszan;586;1997
Brzuchania;Łucjan;585;1997
Kosakiewitz;Eryk;584;1997
Sitki;Szczęsny;583;1997
Dyńdo;Ildefons;582;1997
Wąwro;Witold;581;1997
Redlicz;Gaweł;580;1997
Morchel;Augustyn;579;1997
Babiowska;Oktawiusz;578;1997
Pełeszczyk;Bogdan;577;1997
Jacyno;Wróciwoj;576;1997
Ćwietkow;Witomysł;575;1997
Radziwonka;Wiktor;574;1997
Mosiejczuk;Ruprecht;573;1997
Banducki;Radosław;572;1997
Haller de Hallenburg;Trzebimir;571;1997
Jabroński;Erast;570;1997
Czerneszczuk;Amadeusz;569;1997
Lamprych;Chrystian;568;1997
Chylarecki;Pantaleon;567;1997
Makielski;Prot;566;1997
Pietrykiejew;Bernard;565;1997
Fruchauf;Felicysym;564;1997
Putkow;Ryszard;563;1997
Hrynczuk;Aurelian;562;1997
Deluga;Faustyn;561;1997
Cietrzewski;Wszebąd;560;1997
Napert;Gaspar;559;1997
Piechelska;Tomasz;558;1997
Cziernok;Bernardyn;557;1997
Ślipierski;Bruno;556;1997
Mojnusz;Dobiemir;555;1997
Słuchły;Jeremiasz;554;1997
Gondyra;Beatus;553;1997
Bogal;Walery;552;1997
Łubomski;Ewelin;551;1997
Wielczek;Patryk;550;1997
Rondeltap;Tadeusz;549;1997
Mikicin;Werner;548;1997
Gontyrz;Marian;547;1997
Chaszczownik;Odo;546;1997
Melcarek;Bjorn;545;1997
Ogożela;Olgierd;544;1997
Lioranta;Bazylis;543;1997
Bordanowicz;Mojmir;542;1997
Kacańska;Niemir;541;1997
Galinak;Wilibald;540;1997
Grzymała-Moszczyński;Honoriusz;539;1997
Karkliniewski;Petroniusz;538;1997
Molko;Festus;537;1997
Dyaków;Dominik;536;1997
Siadek;Martynin;535;1997
Bożeta;Myślimir;534;1997
Bandachowiec;Sylwan;533;1997
Dżymińska;RenĂÂ©;532;1997
Steppa;Eliasz;531;1997
Rawicz-Zegrzda;Jozue;530;1997
Chełmoński;Telesfor;529;1997
Sewastjanik;Apoloniusz;528;1997
Białużyj;Szczepan;527;1997
Lepiórz;Bolesław;526;1997
Nabytowicz;Chociemir;525;1997
Dachela;Tacjusz;524;1997
Żygałko;Florentyn;523;1997
Baderowicz;Domosław;522;1997
Twieritniów;Klementyn;521;1997
Beresko;Filemon;520;1997
Sztrefner;Ciechomir;519;1997
Rzepień;Erazm;518;1997
Ksienzik;Dziersław;517;1997
Trzmiel;Nehemiasz;516;1997
Rapczuk;Galezy;515;1997
Bombol;Miron;514;1997
Döring;Redogort;513;1997
Hemczak;Miłosz;512;1997
Tarczynowska;Marcelin;511;1997
Lawrenty;Noemi;510;1997
Iwkiewicz;Felicjan;509;1997
Kułtuniak;Gosław;508;1997
Jędruchów;Leopard;507;1997
Chałanicz;Oswald;506;1997
Kiczmer;Stosław;505;1997
Pals;Wszerad;504;1997
Karkliński;Aleksy;503;1997
Gorączko;Imisław;502;1997
Chermuła;Zbygniew;501;1997
Abrefczyński;Zacheusz;500;1997
Zdrenko;Ewelin;499;1997
Onufryczuk;Magnus;498;1997
Daćka;Stanisław;497;1997
Tatarzyński;Julian;496;1997
Czemplak;Maurycy;495;1997
Pieciółko;Unimir;494;1997
Nidergeses;Gabin;493;1997
Obyszyński;Ageusz;492;1997
Gołębowski;Nadbor;491;1997
Błądziński;Fryderyk;490;1997
Symecki;Oswald;489;1997
Kierykowska;Lewin;488;1997
Cieniewski;Hipolit;487;1997
Kielbert;Epifaniusz;486;1997
Walerjańczuk;Uniegost;485;1997
Pasowicz;Saturnin;484;1997
Pochorylec;Kain;483;1997
Krasulik;Marcjal;482;1997
Truceniec;Włodzimir;481;1997
Kudziak;Adolf;480;1997
Berneś;Onufry;479;1997
Dróździewicz;Otomar;478;1997
Bichel;Godzimierz;477;1997
Rabose;Germanik;476;1997
Herlic;Maksymilian;475;1997
Hubel;Zygmunt;474;1997
Tatułak;Teodozjusz;473;1997
Schalla;Achacjusz;472;1997
Leclerc;Światozar;471;1997
Autoniuk;Brodzisław;470;1997
Giżewski;Walerian;469;1997
Perchiniak;Wolmar;468;1997
Magreta;Kondrat;467;1997
Gieorgiew;Liberat;466;1997
Trzuskowiak;Andron;465;1997
Korbysa;Zbygniew;464;1997
Smigalski;Paramon;463;1997
Papczenko;Zbisław;462;1997
Zockiewicz;Asenat;461;1997
Lobaszczuk;Serwacy;460;1997
Kruszyn;Mansfet;459;1997
Stria;Częstowoj;458;1997
Wewdejuk;Axel;457;1997
Żarmutek;Piotr;456;1997
Świwoga;Noemi;455;1997
Kapuściarek;Wendelin;454;1997
Kuśmierow;Szczepan;453;1997
Fleming;Platon;452;1997
Kubanda;Beatryks;451;1997
Bieryto;Morzysław;450;1997
Kasełka;Częstobor;449;1997
Rainsz;Horacjusz;448;1997
Bachiewicz;Achilles;447;1997
Szerzanowski;Masław;446;1997
Swięckowski;Eulogiusz;445;1997
Karcala;Danisz;444;1997
Strychacki;Witosław;443;1997
Zehrfeld;Wiesław;442;1997
Hebal;Kajus;441;1997
Migal;Zachariasz;440;1997
Gruchoła;Ignacy;439;1997
Cichało;Tacjusz;438;1997
Bniczyk;Franciszek;437;1997
Cyrułowski;Eryk;436;1997
Sapijaszka;Fortunat;435;1997
Ławruszczuk;Dymitriusz;434;1997
Krasnikow;Lesław;433;1997
Steszkiewicz;Manswet;432;1997
Brysiewicz;Dobiesław;431;1997
Wirucki;Uriasz;430;1997
Buksakowski;Lechosław;429;1997
Swadzin;Bazylid;428;1997
Saczke;Artemon;427;1997
Szelep;Kurt;426;1997
Połędziewski;Klementyn;425;1997
Macieszak;Otniel;424;1997
Czublińska;Erazm;423;1997
Wolakiewicz;Onufry;422;1997
Skorny;Miłowan;421;1997
Kiesewetter;Germanik;420;1997
Frandzelski;Niedamir;419;1997
Misiałkowska;Florenty;418;1997
Dresiewicz;Siemisław;417;1997
Kozider;Benon;416;1997
Brendzel;Stojgniew;415;1997
Buchnar;Adolf;414;1997
Pieczysty;Radowit;413;1997
Skrotnicki;Korneliusz;412;1997
Gaschk;Niecisław;411;1997
Hase;Andrzej;410;1997
Gajdany;Ali;409;1997
Jerdzik;Salwator;408;1997
Smagaliński;Daniel;407;1997
Oklejewski;Benedykt;406;1997
Kopiczka;Bożywoj;405;1997
Mądzela;Ksenofont;404;1997
Jęczmionek;Mścisław;403;1997
Gacyniak;Zbroimir;402;1997
Projsner;Jan Chryzostom;401;1997
Królaczyk;Kornel;400;1997
Mirciak;Franciszek;399;1997
Leoncewicz;Sulpicjusz;398;1997
Obrostek;Tolisław;397;1997
Przewdzięk;Reinhold;396;1997
Świc;Masław;395;1997
Fasolka;Arystarch;394;1997
Ihm;Zdziwoj;393;1997
Białorczyk;Łękomir;392;1997
Drązkowiak;Miłowit;391;1997
Pyplok;Włodzimir;390;1997
Warzecha;Lech;389;1997
Ganiebny;Drogomir;388;1997
Wólczyk;Eliasz;387;1997
Nielubiński;Arseniusz;386;1997
Grewęda;Amin;385;1997
Kerski;Artemon;384;1997
Jamiołowski;Domamir;383;1997
Gosciniak;Albert;382;1997
Stegienka;Przedbor;381;1997
Boczkiewicz;Lutosław;380;1997
Dobul;Chwalimir;379;1997
Tatyś;Cecylian;378;1997
Kunieta;Orestes;377;1997
Poto;Adam;376;1997
Brzustowski;Cecyl;375;1997
Micberger;Jerzy;374;1997
Podobas;Lubomir;373;1997
Grzywicki;Godzimierz;372;1997
Jodzikowski;Godzimierz;371;1997
Rybeczuk;Czcisław;370;1997
Nickelmann;Leopold;369;1997
Pubrat;Wasyl;368;1997
Franckie;Urban;367;1997
Bruchta;Marceli;366;1997
Słonenko;Waleriusz;365;1997
Szeniawa;Gabor;364;1997
Sendela;Radogost;363;1997
Dziącek;Sulimir;362;1997
Waschto;Adaukt;361;1997
Sowarka;Bogdan;360;1997
Feuereisen;Zbyszko;359;1997
Moisiejczuk;Miromir;358;1997
Kielbratowski;Janisław;357;1997
Remz;Redogort;356;1997
Löb;Żytomir;355;1997
Golinczak;Alfons;354;1997
Hahuj;Łucjusz;353;1997
Belka;Salwin;352;1997
Łysikowski;Serwacy;351;1997
Elkowiec;Honoriusz;350;1997
Fiola;Natalis;349;1997
Cielusta;Prot;348;1997
Szmigulan;Tyburcjusz;347;1997
Kużmowicz;Gaudencjusz;346;1997
Gubb;Radomir;345;1997
Bielkowski;Bogurad;344;1997
Chabudziński;Zdobysław;343;1997
Mocer;Cyprian;342;1997
Gracz;Drogomił;341;1997
Glizner;Wojbor;340;1997
Skrzeszkowska;Humbert;339;1997
Saran;Mścisław;338;1997
Dudeczko;Wirginiusz;337;1997
Krojner;Ezdrasz;336;1997
Arowicz;Wadim;335;1997
Brugger;Gebhard;334;1997
Metuz;Chryzant;333;1997
Najemski;Ksawery;332;1997
Rozumski;Wszemir;331;1997
Malurek;Cezariusz;330;1997
Jówik;Mojżesz;329;1997
Rymek;Przemił;328;1997
Sabok;Cieszysław;327;1997
Samolska;Kornel;326;1997
Hubanow;Wrócimir;325;1997
Wiciuch;Jan Kanty;324;1997
Myszukiewicz;Augustyn;323;1997
Horonziak;Przemysław;322;1997
Surdykowski;Kajetan;321;1997
Bojańców;Gerwazy;320;1997
Malingiewicz;Wrzesław;319;1997
Jellonnek;Izaak;318;1997
Jamsiński;Auksencjusz;317;1997
Doliwa-Stroński;Wiktoriusz;316;1997
Ustyniuk;Uriasz;315;1997
Kapust;Pudens;314;1997
Sawinik;Kordian;313;1997
Feodoruk;Erazm;312;1997
Kraczykowska;Stojsław;311;1997
Szeps;Petroniusz;310;1997
Kręciało;Dezydery;309;1997
Chince;Emeryk;308;1997
Kiefel;Wrócimir;307;1997
Szerer;Boleczest;306;1997
Geszyk;Mścisław;305;1997
Cimaszko;Bazyli;304;1997
Binszek;Radomysł;303;1997
Wiszenko;Miłowan;302;1997
Skrzys;Bogusąd;301;1997
Pohajduk;Cezariusz;300;1997
Pietral;Filip;299;1997
Myśkowski;Ernest;298;1997
Wółka;Dariusz;297;1997
Jarena;Cieszymir;296;1997
Johner;Pelagiusz;295;1997
Pojdak;Tomił;294;1997
Paradies;Siemisław;293;1997
Deglau;Eulogiusz;292;1997
Kram;Niegosław;291;1997
Grzechocki;Herkules;290;1997
Czupreta;Iwan;289;1997
Makyła;Grzymisław;288;1997
Saenger;Sulisław;287;1997
Beggier;Bohdan;286;1997
Lasuch;Dobiemiest;285;1997
Jakonis;Bonawentura;284;1997
Kaminiarczyk;Sylwin;283;1997
Rybiński;Jędrzej;282;1997
Zagubiniak;Nemezjusz;281;1997
Waskół;Winicjusz;280;1997
Seyrlhuber;Świętobor;279;1997
Chrabik;Orfeusz;278;1997
Pudig;Oswald;277;1997
Hakuba;Miłosław;276;1997
Kanonek;Sylwester;275;1997
Parvi;Włodzimir;274;1997
Populnicka;Trzebimir;273;1997
Marszalewska;Borzysław;272;1997
Sołonienko;Niegomir;271;1997
Pastok;Natan;270;1997
Wołoczacki;Masław;269;1997
Grumann;Gilbert;268;1997
Pekrol;Anatol;267;1997
Herrs;Arseniusz;266;1997
Brysik;Będzisław;265;1997
Dunkert;Lubomierz;264;1997
Ławriętiew;Sławomir;263;1997
Skiberowski;Gedeon;262;1997
Gortakowski;Auksencjusz;261;1997
Kaczkawski;Laurenty;260;1997
Bruczyński;Addar;259;1997
Tal;Wielisław;258;1997
Filskowski;Bronimir;257;1997
Gronk;Aureliusz;256;1997
Gipsiak;Seweryn;255;1997
Reimel;Abdon;254;1997
Śmigaszewski;Kanty;253;1997
Szestuchina;Arystarch;252;1997
Kuciucha;German;251;1997
Nawecki;Klaudiusz;250;1997
Paśkowski;Edward;249;1997
Szoper;Liberat;248;1997
Pałać;Stosław;247;1997
Mroźna;Fides;246;1997
Borzębski;Kazimierz;245;1997
Krutun;Balcer;244;1997
Szustenko;Dobromir;243;1997
Pomikło;Sulirad;242;1997
Łekowski;Nikifor;241;1997
Grzebulus;Arseniusz;240;1997
Łesienko;Teobald;239;1997
Marawik;Błażej;238;1997
Grumuła;Korneli;237;1997
Kułojć;Hegezyp;236;1997
Zito;Alfons;235;1997
Forghejn;Gwidon;234;1997
Przestarz;Denis;233;1997
Biłkowicz;Ludwik;232;1997
Wdeń;Diogenes;231;1997
Zebrzycki;Klementyn;230;1997
Bojorczyk;Radzimierz;229;1997
Butnarowska;Artus;228;1997
Axt;Imisław;227;1997
Grafentin;Abraham;226;1997
Wolschleger;Mojmir;225;1997
Sendwicki;Stojgniew;224;1997
Peryhasza;Amos;223;1997
Lewenti;Angelus;222;1997
Mironiewicz;Eustachy;221;1997
Włolikozielec;Przedbor;220;1997
Jakobczyk;Witold;219;1997
Jendro;Ulrych;218;1997
Opałła;Odon;217;1997
Narkuń;Honoriusz;216;1997
Piłt;Marcjal;215;1997
Derdej;Mariusz;214;1997
Wojowicz;Klet;213;1997
Dmitrów;Spirydion;212;1997
Łupak;Drogomysł;211;1997
Czerwaciuk;Lew;210;1997
Paprosz;Bertrand;209;1997
Tumidański;Enoch;208;1997
Kierżnowski;Enoch;207;1997
Hanieńko;Prudencjusz;206;1997
Gagierowa;Andron;205;1997
Siwiec vel Siwiak;Ciechomir;204;1997
Panczewicz;Florencjusz;203;1997
Gagatnicki;Metody;202;1997
Rejwart;Oliwier;201;1997
Mielanczyk;Jerzy;200;1997
Miszczobrodzki;Drogosław;199;1997
Wrzeszowski;Masław;198;1997
Susel;Adam;197;1997
Sapierzak;Sieciech;196;1997
Duppka;Klaudian;195;1997
Wichnian;Zenon;194;1997
Hanycz;Krzywosąd;193;1997
Trzoniec;Dersław;192;1997
Swidukiewicz;Dobromierz;191;1997
Drewnicki;Florian;190;1997
Habermas;Bruno;189;1997
Kuźbit;Ulryk;188;1997
Rudla;Benedykt;187;1997
Czarow;January;186;1997
Machowienko;Spirydion;185;1997
Poladowski;Leander;184;1997
Masztarowski;Ananiasz;183;1997
Taraniewski;Noemi;182;1997
Szrajder;Rodryk;181;1997
Korde;Włodzimierz;180;1997
Stobielska;Micheasz;179;1997
Wujaszka;Przedpełk;178;1997
Farantewicz;Bożydar;177;1997
Hulip;Amadeusz;176;1997
Netcer;Adaukt;175;1997
Czysiewski;Amin;174;1997
Kolodziejczyk;Godzisz;173;1997
Tempski;Domarad;172;1997
Harbaszewski;Danisz;171;1997
Druhm;Wiktoryn;170;1997
Ledwoś;Natalis;169;1997
Garnala;Przybysław;168;1997
Gnius;Tadeusz;167;1997
Siedziczko;Mścigniew;166;1997
Garbaczow;Reinhold;165;1997
Szafańska;RenĂÂ©;164;1997
Prapowska;Edmund;163;1997
Godżała;Amin;162;1997
Wyrwała;Zbylut;161;1997
Rzenca;Racimir;160;1997
Dzibkowski;Sylweriusz;159;1997
Klabiński;Witosław;158;1997
Marczeńko;Enoch;157;1997
Kirykowicz;Uniedrog;156;1997
Łajszczuk;Ciechomir;155;1997
Wąchal;Szwieciech;154;1997
Łokutin;Honoriusz;153;1997
Cielebon;Gotfryd;152;1997
Prontek;Gwalbert;151;1997
Lateszewska;Nadbor;150;1997
Manusek;Helmut;149;1997
Wekler;Łękomir;148;1997
Walincki;Brunon;147;1997
Kozibut;Asenat;146;1997
Drettel;Mieszko;145;1997
Gerlee;Saturnin;144;1997
Bojrzut;Karol Boromeusz;143;1997
Siekankiewicz;Napoleon;142;1997
Sobieniawska;Fortunat;141;1997
Supera;Symeon;140;1997
Buryn;Gabriel;139;1997
Gruszkin;Wszerad;138;1997
Ballarin;Ładysław;137;1997
Borzak;Witalis;136;1997
Drozdzoł;Abel;135;1997
Mądrzejewski;Dobiegniew;134;1997
Zylicz;August;133;1997
Sadeghi;Romuald;132;1997
Szpont;Zdzimir;131;1997
Trakielewicz;Dagobert;130;1997
Sawka vel Korneluk;Namysław;129;1997
Jęć;Dadąbog;128;1997
Gorlica;Norman;127;1997
Puszna;Myślibor;126;1997
Feldzamen;Ernest;125;1997
Karpolińska;Niemir;124;1997
Wojes;Pankracy;123;1997
Nardoni;Sądomir;122;1997
Ślencka;Janisław;121;1997
Fukiendorf;Torpet;120;1997
Karlach;Celestyn;119;1997
Tarbicki;Bożysław;118;1997
Guresz;Eligiusz;117;1997
Nowc;Gościsław;116;1997
Cipa;Symeon;115;1997
Susakow;Orfeusz;114;1997
Jerosch;Kastor;113;1997
Habnot;Przemysław;112;1997
Feryniec;Lutobor;111;1997
Tychmonowicz;Stanisław;110;1997
Róźwicka;Pius;109;1997
Cenilewicz;Żyrosław;108;1997
Kósko;Namysław;107;1997
Obyszewicz;Kain;106;1997
Miewierski;Pakosz;105;1997
Albrechowicz;Tęgomir;104;1997
Rechań;Naczesław;103;1997
Przysarski;Czcibor;102;1997
Chojęcki;Kanty;101;1997
Ucieńska;Herman;100;1997
Kondrad;Mironieg;99;1997
Misiarek;Rut;98;1997
Gubbinowicz;Domarad;97;1997
Nodak;Marcjan;96;1997
Matyjak;Lilian;95;1997
Kornolewicz;Alojzy;94;1997
Henciel;Bolesław;93;1997
Biedra;Krzysztof;92;1997
Fröhling;Protazy;91;1997
Hniedziewicz;Benicjusz;90;1997
Pieleszko;Wielisław;89;1997
Zawiliński;Roman;88;1997
Dzieńdziczewski;Ścibor;87;1997
Drejo;Gosław;86;1997
Blumental;Gosław;85;1997
Oświeciński;Frydolin;84;1997
Pawoniak;Pimen;83;1997
Sotwinek;Amon;82;1997
Ciesiecki;Jan Gwalbert;81;1997
Smołoński;Metody;80;1997
Ciborowska vel Cibor;Bartłomiej;79;1997
¬murko;Lubosław;78;1997
Osoca;Teodozjusz;77;1997
Bojkowicz;Brodzisław;76;1997
Marut;Sylwester;75;1997
Homar;Florencjusz;74;1997
Nazwikowski;Epifaniusz;73;1997
Zaiska;Jaromir;72;1997
Kozanenko;Medard;71;1997
Sułuj;Franciszek Salezy;70;1997
Laszczuk;Piotr;69;1997
Łachmanowicz;Zbrosław;68;1997
Drymel;Kajus;67;1997
Dimitrus;Niegosław;66;1997
Michailiuk;Mironieg;65;1997
Kachniacz;Romeo;64;1997
Gorzelanny;Cyryl;63;1997
Wojciuliński;Dacjan;62;1997
Stangryczuk;Sylwiusz;61;1997
Bogrec;Egbert;60;1997
Lamch;Florencjusz;59;1997
Bukszak;Noe;58;1997
Malinos;Kastor;57;1997
Harmatnik;Wojmir;56;1997
Heidner;Olaf;55;1997
Galusek;Sobiesław;54;1997
Muża Grzenia;Tacjusz;53;1997
Przeperski;Klaudian;52;1997
Matelan;Budzimir;51;1997
Częsak;Stanimir;50;1997
Bogumiłow;Sawin;49;1997
Atmański;Józef;48;1997
Zamajkiewicz;Sylwester;47;1997
Skorochodzki;Kir;46;1997
Nadolnij;Auksencjusz;45;1997
Tobółka;Spycimir;44;1997
Miła;Twardosław;43;1997
Tarzanowski;Pius;42;1997
Sobczak;Zbigniew;41;1997
Bolibik;Domarad;40;1997
Dzubel;Agenor;39;1997
Cierpiski;Agenor;38;1997
Staniuch;Klaudian;37;1997
Jesikiewicz;Odyseusz;36;1997
Daszewski;Dersław;35;1997
Petruniak;Miligost;34;1997
Tropka;Hugon;33;1997
Wicher vel Wichrowski;Cierpisław;32;1997
Bozentka;Fortunat;31;1997
Szpitman;Bjorn;30;1997
Bełus;Wiktoryn;29;1997
Bretall;Honorat;28;1997
Padniuk;Dersław;27;1997
Pazio;Mirogniew;26;1997
Klemendorf;Malkolm;25;1997
Topoliński;Bartłomiej;24;1997
Guralski;January;23;1997
Kiejnig;Amadeusz;22;1997
Rembecha;Chociebor;21;1997
Gonczarko;Wyszesław;20;1997
Fełkel;Niegosław;19;1997
Majdek;Jan Chryzostom;18;1997
Lemikowski;Angel;17;1997
Cwikło;Nawoj;16;1997
Nagór;Felicjan;15;1997
Matuszniak;Chryzant;14;1997
Gensicki;Wszemił;13;1997
Guziak;Sieciech;12;1997
Rachwal;Lewin;11;1997
Okuicz;Domasław;10;1997
Emchanowicz;Józef;9;1997
Gielażyn;Demokryt;8;1997
Tylmann;Wszegniew;7;1997
Gadwa;Cezary;6;1997
Chorst;Strzeżywoj;5;1997
Widzykiewicz;Przemysł;4;1997
Piopczyk;Pelagiusz;3;1997
Gerek;Hygin;2;1997
Szlompek;Martynin;1;1997
