Pieczman;Kira;1000;2003
Zizulewski;Eugenia;999;2003
Kobylak;Diomeda;998;2003
Szpanalewski;Borzysława;997;2003
Pleśkowicz;Dorota;996;2003
Białorzyk;Waleria;995;2003
Hasika;Maryla;994;2003
Marchwia;Świętochna;993;2003
Fornella;Bogumiła;992;2003
Wagga;Lea;991;2003
Tosarczyk;Ditta;990;2003
Husejko;Mindora;989;2003
Fotschka;Honoryna;987;2003
Domuracki;Antonina;986;2003
Charusta;Julita;985;2003
Gombara;Sieciesława;984;2003
Zemałka;Karola;983;2003
Durlach;Józefa;982;2003
Bogner;Ewa;981;2003
Skarłosz;Linda;980;2003
Symonczuk;Wilma;979;2003
Serewiś;Saturnina;978;2003
Siuba;Serafina;977;2003
Monokiewicz;Eufemia;976;2003
Ryj;Augusta;975;2003
Tiurlik;Felicjana;974;2003
Dziegocińska;Lilianna;973;2003
Łejt;Rudolfa;972;2003
Podchalicz;Ulryka;971;2003
Worszko;Albertyna;970;2003
Hochn;Joachima;969;2003
Loszczyńska;Albertyna;968;2003
Malchar;Bogusława;967;2003
Gryszlin;Bohdana;966;2003
Zwierzniak;Zygfryda;965;2003
Hensoldt;Emanuela;964;2003
Dąbrówka;Kallina;963;2003
Zientkowski;Sewera;962;2003
Chlapek;Krzesisława;961;2003
Wojtał;Luiza;960;2003
Koflarczyk;Milenia;959;2003
Zandrejko;Iwetta;958;2003
Bieli;Sylwana;957;2003
Działkiewicz;Wincenta;956;2003
Ołubczyński;Jarosława;955;2003
Klenske;Aurora;954;2003
Wilkewicz;Symforiana;953;2003
Izewczyk;Konradyna;952;2003
Duczyj;Ewa;951;2003
Zielkowski;Honoryna;950;2003
Dedrzeńska;Adrianna;949;2003
Portla;Tworzysława;948;2003
Bałabat;Madlena;947;2003
Fisske;Hermina;946;2003
Sielasko;Teresa;945;2003
Malcherek;Demetria;944;2003
Swadzikowska;Aleksandra;943;2003
Mrasicka;Brygida;942;2003
Domogało;Patrycja;941;2003
Waląszko;Jowita;940;2003
Kurebart;Aga;939;2003
Buganik;Telimena;938;2003
Lenczycka;Tadeusza;937;2003
Krey;Miranda;936;2003
Halilow;Ludwina;935;2003
Konecna;Miła;934;2003
Brzychczy;Jagoda;933;2003
Bratównik;Glikeria;932;2003
Rutniewski;Oliwia;931;2003
Pamorska;Krzysztofa;930;2003
Miglusz;Bratumiła;929;2003
Gierling;Ramona;928;2003
Biadon;Irena;927;2003
Podreszka;Rafaela;926;2003
Chałajczak;Renata;925;2003
Stamblewski;Ilona;924;2003
Zajk;Maja;923;2003
Lumpara;Scholastyka;922;2003
Kaletowski;Tacjana;921;2003
Piechura;Salomea;920;2003
Matiaczewska;Tacjana;919;2003
Fronków;Tekla;918;2003
Swarło;Kunegunda;917;2003
Damajat;Ernesta;916;2003
Potrząsaj;Sybilla;915;2003
Wycieta;Bogumiła;914;2003
Ikaś;Cecylia;913;2003
Wychoto;Malwina;912;2003
Pinewski;Rajmunda;911;2003
Odyniecki;Ksaweryna;910;2003
Rozworowski;Jagna;909;2003
Bresskott;Izolda;908;2003
Patkolo;Cieszysława;907;2003
Szczoczasz;Tworzysława;906;2003
Bernardzik;Halka;905;2003
Herbaczyński;Bogdana;904;2003
Fiechowski;Ingeborga;903;2003
Selwoniuk;Żaklina;902;2003
Dyrgaś;Marianna;901;2003
Kozut;Flora;900;2003
Wiecławik;Luba;899;2003
Neibrandt;Odila;898;2003
Hałuda;Karolina;897;2003
Jargon;Ingeborga;896;2003
Jedrachowicz;Adriana;895;2003
Brzycha;Asteria;894;2003
Korpuliński;Apolonia;893;2003
Skirko;Sofia;892;2003
Dzennik;Lesława;891;2003
Pirug;Symforiana;890;2003
Kossowicz;Benigna;889;2003
Scheiböck;Żegota;888;2003
Rebeczko;Bernardyna;887;2003
Pilskowska;Liza;886;2003
Susfał;Tomisława;885;2003
Ranisz;Beata;884;2003
Wygań;Lena;883;2003
Bertyński;Pelagia;882;2003
Bekasik;Dezyderia;881;2003
Kristofek;Beatrycze;880;2003
Palek;Leonarda;879;2003
Solomos;Odila;878;2003
Hrouda;Jarosława;877;2003
Ryżowski;Klara;876;2003
Pradnikowska;Tamara;875;2003
Zaturski;Rudolfa;874;2003
Rzarzyński;Krzysztofa;873;2003
Dedińska;Gerarda;872;2003
Byllot;Petronela;871;2003
Kolaga;Adelina;870;2003
Żarecki;Jarmiła;869;2003
Jurgiło;Anna;868;2003
Podzorski;Zenobia;867;2003
Korniew;Zora;866;2003
Omelanczuk;Kira;865;2003
Piskala;Chwalimira;864;2003
Bożyncki;Andromeda;863;2003
Krugielczuk;Kallina;862;2003
Jareszczuk;Kira;861;2003
Słonkiewicz;Henryka;860;2003
Junosza-Stępowska;Zbigniewa;859;2003
Gromoł;Anatolia;858;2003
Terejkowicz;Tacjanna;857;2003
Eissmann;Erwina;856;2003
Kszta;Aspazja;855;2003
Starszyńska;Leonia;854;2003
Tijołek;Maryna;853;2003
Ranicz;Delfina;852;2003
Szarna;Bolesława;851;2003
Golekowski;Pelagia;850;2003
Snidzińska;Bolisława;849;2003
Tadaczyńska;Marlena;848;2003
Ekerkunst;Marika;847;2003
Gielniowski;Leonida;846;2003
Chatek;Olimpia;845;2003
Pawilajtis;Iwona;844;2003
Dychowicz;Ofelia;843;2003
Elfal;Lukrecja;842;2003
Piotrołaj;Adelajda;841;2003
Sowórka;Alma;840;2003
Ródziewicz;Zelmira;839;2003
Asulewicz;Lea;838;2003
Holeczko;Malwina;837;2003
Wilbo;Ernesta;836;2003
Hajzer;Jolanda;835;2003
Siekierki;Tatiana;834;2003
Petreczko;Erwina;833;2003
Grucela;Ditta;832;2003
Trzepiota;Petronia;831;2003
Rebski;Bryda;830;2003
Szelberg;Adelajda;829;2003
Pietrowiak;Augusta;828;2003
Stenczelski;Mirella;827;2003
Niżna;Januaria;826;2003
Nastolczyk;Inez;825;2003
Hołynia;Cyntia;824;2003
Miaczyński;Chwalimira;823;2003
Dulęga;Epifania;822;2003
Dowgierd;Jagna;821;2003
Samodurów;Glikeria;820;2003
Murat;Eudoksja;819;2003
Pałyna;Laurentyna;818;2003
Ficiak;Dawida;817;2003
Kulabka;Adria;816;2003
Rocho;Ksawera;815;2003
Harbań;Pryscylla;814;2003
Witrenga;Amiceta;813;2003
Karnafel;Żanna;812;2003
Jasakow;Telimena;811;2003
Tacholewicz;Sofia;810;2003
Ilasz;Leopoldyna;809;2003
Walat;Domisława;808;2003
Lotti;Ewa;807;2003
Subczak;Maja;806;2003
Luszawski;Zbigniewa;805;2003
Kozber;Bogdana;804;2003
Karanidu;Cezara;803;2003
Sirotiuk;Cieszysława;802;2003
Wojcikowski;Dalila;801;2003
Falendarz;Bogdana;800;2003
Pykałło;Mechtylda;799;2003
Greczycho;Dobrochna;798;2003
Wochoł;Dianna;797;2003
Zentor;Amelia;796;2003
Kierłucki;Rościsława;795;2003
Rybarcyk;Sulisława;794;2003
Krzysimska;Honorata;793;2003
Bzibziak;Hermenia;792;2003
Kudzyn;Wrócisława;791;2003
Żurawnik;Saturnina;790;2003
Haniaszyk;Eufemia;789;2003
Strzeduła;Halina;788;2003
Ślewiński;Sulisława;787;2003
Ciaranek;Amalia;786;2003
Cinglewicz;Edda;785;2003
Łąński;Margareta;784;2003
Skirmient;Gertruda;783;2003
Rzyłka;Stefania;782;2003
Oskędra;Katarzyna;781;2003
Sobierak;Bartolomea;780;2003
Pighit;Faustyna;779;2003
Kurpijaniuk;Oda;778;2003
Okunowicz;Wszebora;777;2003
Nenzel;Begina;776;2003
Brozolewicz;Anastazja;775;2003
Twaszuk;Hermenegilda;774;2003
Hottgenroth;Joanna;773;2003
Kolało;Sofia;772;2003
Dypka;Lechosława;771;2003
Gębczak;Janina;770;2003
Halmowska;Dziersława;769;2003
Karaim;Hortensja;768;2003
Djaczyk;Loda;767;2003
Braździel;Ksymena;766;2003
Frautman;Debora;765;2003
Wadolski;Sybilla;764;2003
Kląkla;Ariela;763;2003
Mojeścik;Wiktoria;762;2003
Putro;Chwalimira;761;2003
Gudwański;Amelia;760;2003
Słaszkowski;Dyzma;759;2003
Nakrewicz;Mindora;758;2003
Angierman;Julianna;757;2003
Kiska;Grażyna;756;2003
Prejda;Anna;755;2003
Kuplicz;Szczęsna;754;2003
Sass;Anastazja;753;2003
Olechniej;Debora;752;2003
Krzuszewska;Izabella;751;2003
Jogucki;Ksenia;750;2003
Pierszchała;Jarosława;749;2003
Betkir;Alfreda;748;2003
Bergander;Jarmiła;747;2003
Jemroziewicz;Regina;746;2003
Teuteberg;Danuta;745;2003
Garb;Domisława;744;2003
Sznajdrowski;Amadea;743;2003
Muiśtura;Sybilla;742;2003
Sirek;Erwina;741;2003
Hönisch;Dagmara;740;2003
Kurbat;Krystiana;739;2003
Psikuta;Dina;738;2003
Deusch;Kaja;737;2003
Gnojnski;Krystyna;736;2003
Krysiecki;Pelagia;735;2003
Karnilak;Kalina;734;2003
Dykerman;Kesja;733;2003
Kapszul;Godzisława;732;2003
Firczyński;Jewdocha;731;2003
Hranyczka;Erwina;730;2003
Niepszij;Miriam;729;2003
Ząbal;Zyta;728;2003
Kuśpiel;Dobrochna;727;2003
Tyrpun;Hiacynta;726;2003
Stąpnik;Aspazja;725;2003
Dobilewski;Samuela;724;2003
Frickert;Ariadna;723;2003
Kujacz;Celina;722;2003
Szkaryn;Leona;721;2003
Rudoł;Lea;720;2003
Placerowska;Klemencja;719;2003
Sorok;Bolisława;718;2003
Krespolska;Bernardeta;717;2003
Swit;Arleta;716;2003
Biligier;Tamara;715;2003
Pietrułowski;Teodoryka;714;2003
Plaszczur;Wincentyna;713;2003
Dyrdal;Alina;712;2003
Kochonowicz;Sława;711;2003
Kulinczak;Zuzanna;710;2003
Kuwan;Lolita;709;2003
Halenta;Adelajda;708;2003
Wawrzyniaczyk;Sędzisława;707;2003
Swołkan;Emerencja;706;2003
Maresch;Żalina;705;2003
Kierniok;Berenika;704;2003
Lęgenza;Adolfina;703;2003
Strzebelska;Pęcisława;702;2003
Szlaworski;Jurata;701;2003
Sprzążka;Pelagia;700;2003
Piekuty;Linda;699;2003
Demniak;Oliwia;698;2003
Hyncz;Wincenta;697;2003
Hoeflik;Zdzisława;696;2003
Setla;Krzysztofa;695;2003
Demetr;Klarysa;694;2003
Lewiak;Chwalimira;693;2003
Pokrobek;Wera;692;2003
Rawicz-Twaróg;Świętosława;691;2003
Połamasz;Marlena;690;2003
Tytoniak;Danuta;689;2003
Tkacz;Talita;688;2003
Offenborn;Rachela;687;2003
Mastalirz;Areta;686;2003
Skorobochaty;Scholastyka;685;2003
Myśkowiec;Bogusława;684;2003
Patryszak;Rachela;683;2003
Schurgacz;Aspazja;682;2003
Kuzok;Kosma;681;2003
Dąmbek;Ignacja;680;2003
Krzysaj;Irina;679;2003
Uryga;Adrianna;678;2003
Rehm;Lidia;677;2003
Cichonicz;Julianna;676;2003
Kriuk;Swietłana;675;2003
Gintowska;Liliana;674;2003
Kalsztajn;Filipina;673;2003
Łazerenko;Izolda;672;2003
Rozprawa;Kaja;671;2003
Tyrwa;Rudolfa;670;2003
Sadłon;Kinga;669;2003
Kupenko;Marita;668;2003
Łokiec;Geraldyna;667;2003
Tewrlecka;Feliksa;666;2003
Kardińska;Jewdocha;665;2003
Misztor;Leontyna;664;2003
Danielsky;Mirabella;663;2003
Bogzio;Rościsława;662;2003
Czternastek;Więcemiła;661;2003
Żujła;Świętochna;660;2003
Chabza;Saba;659;2003
Bortnyk;Anatolia;658;2003
Śmiergiel;Kasjana;657;2003
Dólniak;Mirosława;656;2003
Kaziurak;Ernesta;655;2003
Cyglerski;Bartolomea;654;2003
Walędziewski;Lukrecja;653;2003
Hytel;Dalida;652;2003
Spustowski;Bryda;651;2003
Kuphal;Ingrid;650;2003
Berdyczko;Cecylia;649;2003
Lidziejawski;Honoryna;648;2003
Zgrzyźniak;Laurencja;647;2003
Kajetańczyk;Zdzisława;646;2003
Danerowski;Hermenia;645;2003
Szafner;Waleria;644;2003
Gotowski;Nina;643;2003
Derol;Więcesława;642;2003
Fuhek;Marika;641;2003
Borug;Wincentyna;640;2003
Miszor;Julietta;639;2003
Niemasik;Boguchwała;638;2003
Gierch;Ismena;637;2003
Mossakiewicz;Areta;636;2003
Bekiesek;Diomada;635;2003
Ochocki;Jagoda;634;2003
Szurbak;Domosława;633;2003
Katczan;Małgorzata;632;2003
Matylski;Albertyna;631;2003
Sajko;Zofia;630;2003
Malnedowicz;Marcela;629;2003
Gdulski;Teodora;628;2003
Frydowska;Adelina;627;2003
Korytyński;Janina;626;2003
Szyliński;Ilia;625;2003
Giełżyc;Wera;624;2003
Swidziniewski;Gryzelda;623;2003
Łoda;Godzisława;622;2003
Kolad;Irmina;621;2003
Kowarsz;Jarema;620;2003
Lesiuk;Modesta;619;2003
Błaźkiewicz;Tworzysława;618;2003
Cięplak;Idalia;617;2003
Dobrysiewski;Kinga;616;2003
Zrzycka;Blanka;615;2003
Pluchta;Ingrid;614;2003
Bogatka;Liliana;613;2003
Szerlewska;Waleria;612;2003
Wójcik vel Warchoł;Flora;611;2003
Stączyński;Toska;610;2003
Rokszczanin;Ariela;609;2003
Suckan;Cezara;608;2003
Szumowiecka;Irina;607;2003
Rawluk;Świętochna;606;2003
Mietkowski;Luiza;605;2003
Prosołek;Daria;604;2003
Obwiosło;Pryska;603;2003
Cużydło;Klementyna;602;2003
Cerpiał;Aldona;601;2003
Geglawy;Ludomira;600;2003
Bretszneider;Świętochna;599;2003
Tłustochowski;Sierosława;598;2003
Zeńca;Aniceta;597;2003
Dejo;Diomada;596;2003
Karbiesiuk;Alojza;595;2003
Sabarański;Tworzysława;594;2003
Wanrey;Dobromiła;593;2003
Krystynopolska;Faustyna;592;2003
Engeler;Ksaweryna;591;2003
Skital;Pulcheria;590;2003
Hinzke;Pamela;589;2003
Chmikiewicz;Hermina;588;2003
Wilkien;Ciechosława;587;2003
Snosek;Mira;586;2003
Tyburch;Pia;585;2003
Gromlewska;Ksawera;584;2003
Sałahna;Blanka;583;2003
Tymiejczyk;Wiktoryna;582;2003
Dudot;Mariola;581;2003
Miątkiewicz;Blanka;580;2003
Judim;Odila;579;2003
Wasahan;Zyta;578;2003
Dzierżgowski;Budzisława;577;2003
Ratzko;Witosława;576;2003
Bodnia;Toska;575;2003
Francis;Dagna;574;2003
Męcała;Atanazja;573;2003
Szafarczak;Orchidea;572;2003
Bogdziun;Eugenia;571;2003
Korc;Paloma;570;2003
Zambroń;Edda;569;2003
Mokarski;Fryderyka;568;2003
Bardych;Tomira;567;2003
Zadrodziński;Józefina;566;2003
Kościuszuk;Daniela;565;2003
Kirsztensztajn;Gracjana;564;2003
Tyrcz;Leontyna;563;2003
Macierzyn;Wiesława;562;2003
Kierpacz;Faustyna;561;2003
Spłocharski;Carmen;560;2003
Gierech;Margot;559;2003
Nobelski;Bogdana;558;2003
Kraszczoski;Begina;557;2003
Rozanów;Mieczysława;556;2003
Friebese;Ita;555;2003
Gracman;Jerosława;554;2003
Stener;Bożena;553;2003
Rond;Nina;552;2003
Pierścionek;Dagna;551;2003
Cielanowicz;Paula;550;2003
Kapłanów;Nikita;549;2003
Kojtek;Adelina;548;2003
Trzeciok;Swietłana;547;2003
Szliwiński;Pamela;546;2003
Bociej;Czcibora;545;2003
Dokimuk;Pelagia;544;2003
Musor;Adela;543;2003
Świeszkiewicz;Stella;542;2003
Umywalnik;Wiesława;541;2003
Nawijalis;Hiacynta;540;2003
Hałpacz;Elżbieta;539;2003
Ozański;Alicja;538;2003
Kobata;Teodoryka;537;2003
Kosmyna;Iga;536;2003
Abelt;Irina;535;2003
Przepiórzyński;Aga;534;2003
Pieleczek;Bogumiła;533;2003
Goreczky;Metoda;532;2003
Odożyński;Gloria;531;2003
Różyniewicz;Stella;530;2003
Steranko;Marianna;529;2003
Czerżniak;Dobromira;528;2003
Baffioni;Adelajda;527;2003
Szczurak;Ksaweryna;526;2003
Basardza;Delfina;525;2003
Hupfeld;Wszemiła;524;2003
Reczyński;Amata;523;2003
Placin;Ludwika;522;2003
Federeńko;Salomea;521;2003
Tynelt;Ilona;520;2003
Cąbrowski;Dyzma;519;2003
Doręg;Żywia;518;2003
Ferdynuś;Bernadetta;517;2003
Lagutyna;Eleonora;516;2003
Krwina;Kosma;515;2003
Oksiuk;Luba;514;2003
Kondryków;Flawia;513;2003
Deręczowska;Krystiana;512;2003
Ostofil;Ita;511;2003
Dmytriwski;Wszemiła;510;2003
Tabczyńska;Jurata;509;2003
Zazula;Eligia;508;2003
Humenna;Manfreda;507;2003
Literowicz;Eufrozyna;506;2003
Jarremkiewicz;Ingeborga;505;2003
Gołuszczukow;Strzeżysława;504;2003
Woryń;Imisława;503;2003
Bocaczewicz;Zawisza;502;2003
Jastkowiak;Marita;501;2003
Gorgala;Wiesława;500;2003
Smołkiewicz;Jerosława;499;2003
Honsumbek;Telisława;498;2003
Szafijański;Świętochna;497;2003
Haśka;Gościsława;496;2003
Cześnakowska;Otylia;495;2003
Ciuplok;Kwiatosława;494;2003
Krupła;Asteria;493;2003
Matroks;Leopolda;492;2003
Hamerszmit;Klotylda;491;2003
Fajst;Alina;490;2003
Podolej;Maria Magdalena;489;2003
Uchyła;Sławomira;488;2003
Sawal;Telimena;487;2003
Figna;Żaklina;486;2003
Fiedorowski;Antonina;485;2003
Gryszke;Halina;484;2003
Helbig;Zbysława;483;2003
Lagler;Pęcisława;482;2003
Klemski;Begina;481;2003
Pażuch;Adolfina;480;2003
Ślezionka;Alfreda;479;2003
Śmuniewski;Eliza;478;2003
Powolny;Weronika;477;2003
Hlavka;Eudoksja;476;2003
Leniorz;Dagna;475;2003
Małochwy;Przemysława;474;2003
Memmel;Brygida;473;2003
Harapiński;Maura;472;2003
Szutiak;Halszka;471;2003
Olc;Sylwana;470;2003
Heć;Liwia;469;2003
Ławczynowska;Telimena;468;2003
Dziczkiewicz;Irma;467;2003
Sawdon;Cyntia;466;2003
Hanarz;Ludmiła;465;2003
Zelka;Tomira;464;2003
Pietus;Selma;463;2003
Zwierow;Odilla;462;2003
Majszuk;Antonina;461;2003
Ćwierbutowicz;Marzanna;460;2003
Pluwak;Lilla;459;2003
Klonc;Aniela;458;2003
Poczujko;Wacława;457;2003
Sumicz;Balbina;456;2003
Mozgal;Imisława;455;2003
Tyżyk;Gloria;454;2003
Kurajata;Natalia;453;2003
Iliadu;Ludmiła;452;2003
Mant;Ilia;451;2003
Hryckowion;Amelia;450;2003
Sodowy;Luiza;449;2003
Pałyła;Leokadia;448;2003
Nykytczyn;Emanuela;447;2003
Myszala;Zawisza;446;2003
Sędrak;Milena;445;2003
Spolar;Żywia;444;2003
Drzemski;Aurora;443;2003
Leliaś;Zawisza;442;2003
Nesnal;Marzanna;441;2003
Harasiumiuk;Raissa;440;2003
Szeliga Szafrański;Ewa;439;2003
Szroeder;Szeliga;438;2003
Zieńkow;Natalia;437;2003
Kilimniuk;Wincentyna;436;2003
Stronski;Leonida;435;2003
Martinek;Dobroniega;434;2003
Wruka;Isaura;433;2003
Połubiałko;Romana;432;2003
Sopart;Dionizja;431;2003
Strzyżys;Sylwana;430;2003
Madzgała;Ditta;429;2003
Oglosa;Huberta;428;2003
Nędziusiak;Witolda;427;2003
Wodejko;Świętochna;426;2003
Wierzchowiecki;Rozanna;425;2003
Marcianis;Oktawia;424;2003
Osentowski;Mariola;423;2003
Białojan;Aspazja;422;2003
Białych;Ita;421;2003
Dominik;Marcelina;420;2003
Biewald;Amiceta;419;2003
Breich;Stanisława;418;2003
Krajański;Marika;417;2003
Sztych;Talita;416;2003
Polegoszko;Wojciecha;415;2003
Skrobul;Mira;414;2003
Swyrda;Bronisława;413;2003
Wermicka;Tomira;412;2003
Mejsnerowski;Malwina;411;2003
Oszkiewicz;Krystiana;410;2003
Zarudzińska;Monika;409;2003
Klebanowski;Juda;408;2003
Dzierca;Carmen;407;2003
Drażek;Carmen;406;2003
Kuryna;Joachima;405;2003
Perdenia;Margareta;404;2003
Celach;Rozyna;403;2003
Bereńczuk;Lechosława;402;2003
Liwendowski;Odila;401;2003
Gumólski;Gaudencja;400;2003
Wysibirski;Liza;399;2003
Lisienko;Gryzelda;398;2003
Kasperka;Eudoksja;397;2003
Nerebińska;Celina;396;2003
Joganathan;Felicjana;395;2003
Elwar;Fortunata;394;2003
Czyzo;Narcyza;393;2003
Maślag;Eufemia;392;2003
Rębowiecki;Dobroniega;391;2003
Bohte;Angelina;390;2003
Ostrocka;Henryka;389;2003
Sicko;Rozanna;388;2003
Restow;Tomira;387;2003
Widyk;Mira;386;2003
Tokścik;Paloma;385;2003
Buczyjan;Wojciecha;384;2003
Choduła;Bazylissa;383;2003
Kosucki;Ingeborga;382;2003
Dadok-Grabski;Wyszesława;381;2003
Achtman;Taida;380;2003
Hornański;Hortensja;379;2003
Szmycel;Manuela;378;2003
Step;Ksawera;377;2003
Dziąg;Iwona;376;2003
Kwecko;Iga;375;2003
Saturny;Olga;374;2003
Mozala;Fausta;373;2003
Kosmulski;Bożena;372;2003
Pietrałaj;Eudoksja;371;2003
Kordaczyński;Świętomira;370;2003
Jenrzejewski;Wiktoria;369;2003
Otreer;Wioletta;368;2003
Żegan;Kaja;367;2003
Puziowicz;Iwetta;366;2003
Bleda;Konradyna;365;2003
Daro;Genowefa;364;2003
Szchniewicz;Dąbrówka;363;2003
Mroszkiewicz;Halina;362;2003
Neklaws;Apolonia;361;2003
Łyś-Dobradin;Bożena;360;2003
Kiełbaska;Ilza;359;2003
Bezpalko;Narcyza;358;2003
Grząd;Sulimiera;357;2003
Legaj;Zefiryna;356;2003
Skarbiński;Aleksandra;355;2003
Ziemakiewicz;Angelina;354;2003
Dettki;Swietłana;353;2003
Melnik;Jurata;352;2003
Zebisz;Imisława;351;2003
Samostiak;Cezara;350;2003
Wicoń;Maria;349;2003
Spińczyk;Teodoryka;348;2003
Lejka;Manuela;347;2003
Kostyński;Wrócisława;346;2003
Blejwas;Grażyna;345;2003
Bierlewska;Luiza;344;2003
Deutszkemer;Będzisława;343;2003
Łupnia;Halka;342;2003
Rainko;Lubomiła;341;2003
Freinik;Dobrochna;340;2003
Kornito;Miriam;339;2003
Prokopczewska;Petronia;338;2003
Norlund;Jurata;337;2003
Tertelis;Zdzisława;336;2003
Maruchoł;Celina;335;2003
Stachowik;Hermina;334;2003
Nielichowska;Laura;333;2003
Okół;Ksawera;332;2003
Fedot;Ofelia;331;2003
Kombor;Wojciecha;330;2003
Mazurek-Mieczyński;Dąbrówka;329;2003
Zerebiecka;Dianna;328;2003
Szwinga;Kamila;327;2003
Podbiegała;Julietta;326;2003
Stylak;Malina;325;2003
Makwa;Lechosława;324;2003
Drez;Maria Magdalena;323;2003
Dyta;Dobromiła;322;2003
Śniadecki;Wiera;321;2003
Żymacki;Florentyna;320;2003
Bajkuszew;Cecylia;319;2003
Snochowicz;Wszemiła;318;2003
Ksiwonos;Irmina;317;2003
Grojczyńska;Miła;316;2003
Glodniok;Loretta;315;2003
Paniżnik;Dionizja;314;2003
Bisiór;Mirella;313;2003
Homotiuk;Dobrawa;312;2003
Gwozdz;Aneta;311;2003
Kuszyk;Telimena;310;2003
Gwinociński;Dalila;309;2003
Jonkalski;Drogosława;308;2003
Mykietiak;Ludgarda;307;2003
Sepolak;Alfreda;306;2003
Haczewski;Geraldyna;305;2003
Birwagen;Przybysława;304;2003
Czolka;Gawryła;303;2003
Majnicki;Edda;302;2003
Szurgast;Mironiega;301;2003
Rososiński;Feliksa;300;2003
Hmurski;Bernardeta;299;2003
Chamerka;Amelia;298;2003
Jarolik;Bazylissa;297;2003
Tumiczak;Witolda;296;2003
Baronas;Klementyna;295;2003
Sieniuk;Otylia;294;2003
Charwicka;Leopoldyna;293;2003
Chync;Sobiesława;292;2003
Hapalak;Sobiesława;291;2003
Wielgolska;Karena;290;2003
Michalejko;Żalina;289;2003
Czischke;Adelajda;288;2003
Nosicka;Jolanda;287;2003
Pyfel;Pryska;286;2003
Zajfert vel Zajfryd;Wiera;285;2003
Padałko;Stronisława;284;2003
Szwedt;Longina;283;2003
Tinoszenko;Eryka;282;2003
Protańska;Euzebia;281;2003
Gienio;Stella;280;2003
Stęrzycki;Ksenia;279;2003
Jędrusieńko;Albina;278;2003
Kołotaj;Maria;277;2003
Sulowski;Miłosława;276;2003
Matrychowiec;Norberta;275;2003
Bąmba;Dobisława;274;2003
Hajnysz;Ludmiła;273;2003
Welna;Izyda;272;2003
Stancu;Serafina;271;2003
Moskawa;Seweryna;270;2003
Jagiełowicz;Pudecjanna;269;2003
Waiszczak;Ismena;268;2003
Falszowski;Jaśmina;267;2003
Jefimko;Wiktoryna;266;2003
Maciag;Euzebia;265;2003
Derisz;Janina;264;2003
Satanowski;Dobiesława;263;2003
Osyszko;Irina;262;2003
Chrzempiec;Zelmira;261;2003
Cyndera;Raissa;260;2003
Ofis;Julia;259;2003
Saról;Demetria;258;2003
Brącel;Rajmunda;257;2003
Reperowski;Potencjana;256;2003
Rosega;Bolisława;255;2003
Uzdanowicz;Włościsława;254;2003
Guzalski;Dorota;253;2003
Białakowski;Selma;252;2003
Gzera;Greta;251;2003
Woropaj;Halina;250;2003
Celesz;Jolanta;249;2003
Spenst;Drogosława;248;2003
Szuwlak;Elżbieta;247;2003
Bołaska;Niemira;246;2003
Szablarzowska;Berenike;245;2003
Roseker;Zbigniewa;244;2003
Jancelewicz;Laura;243;2003
Śmiernow;Olga;242;2003
Aksanski;Karena;241;2003
Ładan;Honorata;240;2003
Jonaik;Gardenia;239;2003
Widlecki;Wincentyna;238;2003
Badeni;Bończa;237;2003
Kondlas;Wielisława;236;2003
Szmytowicz;Rozyna;235;2003
Podobrożna;Alma;234;2003
Pucek;Manfreda;233;2003
Kaczka vel Kaczkowska;Angelika;232;2003
Podkąska;Ofelia;231;2003
Henejko;Iwetta;230;2003
Glabaźnia;Eunika;229;2003
Forta;Heloiza;228;2003
Czeczelewski;Lilla;227;2003
Łucikiewicz;Rebeka;226;2003
Smogulski;Domosława;225;2003
Bajorek;Paulina;224;2003
Bizarczyk;Norma;223;2003
Gonarski;Emanuela;222;2003
Machuło;Imisława;221;2003
Szwedun;Adrianna;220;2003
Mroczek-Gliszczyński;Edwarda;219;2003
Pichaida;Wanda;218;2003
Bogonos;Laurentyna;217;2003
Wiencławek;Saturnina;216;2003
Ręczewicz;Milena;215;2003
Sirota;Januaria;214;2003
Smiełowski;Toma;213;2003
Jójko;Linda;212;2003
Manget;Flawia;211;2003
Mlecznik;Paulina;210;2003
Noch;Dziersława;209;2003
Golankiewicz;Szeliga;208;2003
Soworska;Konstancja;207;2003
Josiewicz;Bolesława;206;2003
Rolis;Bazylissa;205;2003
Depczak;Bożeciecha;204;2003
Jeglijewski;Weronika;203;2003
Libold;Agata;202;2003
Ślążyńska;Julianna;201;2003
Madyjewicz;Strzeżysława;200;2003
Pandola;Hipolita;199;2003
Kaliszczak;Ryszarda;198;2003
Stalecki;Wilma;197;2003
Hirczuk;Krystyna;196;2003
Pytej;Emanuela;195;2003
Staniucha;Ilia;194;2003
Cwienczek;Cyriaka;193;2003
Kaczuko;Janina;192;2003
Piektun;Zbigniewa;191;2003
Marynczak;Rozyna;190;2003
Pietrachowski;Lubosza;189;2003
Muchna;Aleksandra;188;2003
Kużatkowska;Emerencja;187;2003
Kizłyk;Nadia;186;2003
Eichkorst;Bożena;185;2003
Goszczyna;Iga;184;2003
Obstarczyk;Emma;183;2003
Cebrin;Ismena;182;2003
Olszamowski;Maria;181;2003
Donka;Nimfa;180;2003
Julczyk;Amadea;179;2003
Oiarski;Boguchwała;178;2003
Baruro;Malina;177;2003
Grasiński;Rita;176;2003
Białkon;Abigail;175;2003
Matjanowski;Augusta;174;2003
Trubas;Blandyna;173;2003
Sanduro;Bazylissa;172;2003
Atarzewski;Aurela;171;2003
Saudra;Gloria;170;2003
Sawkułycz;Amanda;169;2003
Abrasowicz;Abigail;168;2003
Huniec;Oksana;167;2003
Wirtlewski;Ozanna;166;2003
Adenicka;Boguchwała;165;2003
Cyncyrek;Wiera;164;2003
Scheffer;Lukrecja;163;2003
Dzierżyska;Irma;162;2003
Zanicki;Mirella;161;2003
Wyciśkiewicz;Marika;160;2003
Berewińska;Ulryka;159;2003
Glawaty;Kazimiera;158;2003
Piokutowska;Sabina;157;2003
Dreksel;Sława;156;2003
Bandus;Toska;155;2003
Seneńczuk;Raissa;154;2003
Chopica;Fryda;153;2003
Jęch;Adolfina;152;2003
Nikulko;Żaneta;151;2003
Paruszek;Anita;150;2003
Chomirski;Lilla;149;2003
Trykoszko;Ofelia;148;2003
Piorska;Hortensja;147;2003
Folkenberg;Carmen;146;2003
Homadiuk;Bogdana;145;2003
Radina;Wrócisława;144;2003
Roralka;Miranda;143;2003
Kokradzki;Nonna;142;2003
Im;Abigail;141;2003
Stryjowski;Adelina;140;2003
Pietryska;Hiacynta;139;2003
Waźnialis;Leopolda;138;2003
Gerszke;Mirosława;137;2003
Muc;Begina;136;2003
Gmiełka;Zyta;135;2003
Gardecki;Anatolia;134;2003
Cabak;Beatrycze;133;2003
Zgrzywna;Hortensja;132;2003
Paźdżał;Konstancja;131;2003
Gradań;Pola;130;2003
Koliszczak;Ilona;129;2003
Ślepenko;Karolina;128;2003
Fularczik;Eryka;127;2003
Rempelt;Romana;126;2003
Małogłówka;Domisława;125;2003
Matuschok;Hiacynta;124;2003
Podczasza;Jakobina;123;2003
Wojtaczko;Daniela;122;2003
Miszputen;Szymoneta;121;2003
Zasęda;Miłosława;120;2003
Gugan;Begina;119;2003
Mirka;Iryda;118;2003
Żełek;Waleriana;117;2003
Wątarczyk;Cyriaka;116;2003
Chinciński;Ulryka;115;2003
Zorzański;Leontyna;114;2003
Staważ;Otylia;113;2003
Smogonowicz;Augusta;112;2003
Kłagisz;Lukrecja;111;2003
Włosicka;Bernadeta;110;2003
Brejank;Beatrycze;109;2003
Nielubczyk;Jagna;108;2003
Hładyszowski;Świętochna;107;2003
Żerdziński;Petronela;106;2003
Chrostkowski;Maryna;105;2003
Pożeżyński;Mścisława;104;2003
Martynczyk;Oriana;103;2003
Warżybok;Alina;102;2003
Estecki;Sierosława;101;2003
Żukier;Szymoneta;100;2003
Kassjański;Salome;99;2003
Mulcan;Sierosława;98;2003
Krochowalska;Róża;97;2003
Freiert;Flawia;96;2003
Kordyla;Ksymena;95;2003
Stalpiński;Galla;94;2003
Oksza-Orzechowska;Materna;93;2003
Srajer;Petronia;92;2003
Wyszumiała;Julita;91;2003
Szergowicz;Beata;90;2003
Sieręga;Sylwana;89;2003
Mastyniuk;Adrianna;88;2003
Wiertjochin;Ludomira;87;2003
Delczek;Oswalda;86;2003
Holanowski;Tacjanna;85;2003
Balancew;Sewera;84;2003
Smader;Waldemara;83;2003
Omelanczyk;Wacława;82;2003
Dajus;Izolda;81;2003
Wilgatek;Pola;80;2003
Ściebura vel Ścieburska;Lena;79;2003
Czarnot;Aisza;78;2003
Jałgos;Gloria;77;2003
Watrała;Dianna;76;2003
Rombca;Eufrozyna;75;2003
Chlabowska;Sandra;74;2003
Sachyra;Strzeżysława;73;2003
Kourellas;Wojciecha;72;2003
Wojadłowska;Bożena;71;2003
Szadzek;Karena;70;2003
Dwoździok;Magdalena;69;2003
Odył;Wszemiła;68;2003
Płutniak;Konrada;67;2003
Doleżyczek;Bohdana;66;2003
Motył;Gerarda;65;2003
Oberli;Sonia;64;2003
Dziediak;Aida;63;2003
Zimach;Anastazja;62;2003
Koratczyk;Domisława;61;2003
Ingiewicz;Nadzieja;60;2003
Rososiński;Dobrocha;59;2003
Tatel;Kordula;58;2003
Napurko;Cieszysława;57;2003
Schlesack;Bernadeta;56;2003
Więżniak;Aspazja;55;2003
Mojnik;Wrócisława;54;2003
Krupinski;Modesta;53;2003
Milano;Ludomiła;52;2003
Keryluk;Angelina;51;2003
Ubyszewski;Diana;50;2003
Lellito;Toma;49;2003
Reydych;Sulisława;48;2003
Kropis;Joanna;47;2003
Mittelsted;Gertruda;46;2003
Prywer;Blanka;45;2003
Sainski;Nimfa;44;2003
Szczepoński;Bernadeta;43;2003
Półtycka;Iryda;42;2003
Gardat;Wielisława;41;2003
Gierzyska;Angela;40;2003
Manż;Mironiega;39;2003
Mełżyk;Wrócisława;38;2003
Bałwaś;Dobrosława;37;2003
Mykiesiuk;Huberta;36;2003
Wifling;Paloma;35;2003
Parzelski;Anita;34;2003
Gołoć;Lukrecja;33;2003
Palin;Dezyderia;32;2003
Cyrkunowicz;Patrycja;31;2003
Przewieślik;Loda;30;2003
Knyter;Dezyderia;29;2003
Tereszków;Rita;28;2003
Siduszewski;Januaria;27;2003
Cwikowski;Strzeżysława;26;2003
Roes;Fortunata;25;2003
Bergał;Sulisława;24;2003
Petzelt;Amalia;23;2003
Błaszczyński;Kaja;22;2003
Hawryluk;Bogna;21;2003
Czepowski vel Ciepowski;Klara;20;2003
Krempczyk;Cezara;19;2003
Prytko;Ksymena;18;2003
Kupiewicz;Euzebia;17;2003
Owczerz;Cezara;16;2003
Bieliczyński;Dagna;15;2003
Stefańkiewicz;Amelia;14;2003
Rajcic;Żywia;13;2003
Lolko;Henryka;12;2003
Kierzonka;Galla;11;2003
Modrzecki;Klaudyna;10;2003
Polubiatko;Świętochna;9;2003
Delmoczyńska;Świętomira;8;2003
Tazow;Placydia;7;2003
Szenic;Violetta;6;2003
Byrzewska;Eligia;5;2003
Gaumert;Pulcheria;4;2003
Bozieńska;Kaja;3;2003
Ulrich;Eleonora;2;2003
Cymbal;Dawida;1;2003
Ośródek;Leonid;1000;2002
Kowaczewić;Stronisław;999;2002
Świczewski;Kwiryn;998;2002
Bohrowska;Pakoszław;997;2002
Kalipolitu;Prudencjusz;996;2002
Remsicka;Kajetan;995;2002
Krzyszka;Mścigniew;994;2002
Pirytynis;Benignus;993;2002
Werłos;Ramon;992;2002
Sancarek;Dezyderiusz;991;2002
Oczadła;Narcyz;990;2002
Laskowicki;Denis;989;2002
Kiwert;Jonasz;988;2002
Cyls;Paschalis;987;2002
Buszma;Konstancjusz;986;2002
Wicens;Dobromysł;985;2002
Łachmańczuk;Kondrat;984;2002
Żywczuk;Dezydery;983;2002
Puziow;Łazarz;982;2002
Chrupo;Kurt;981;2002
Drucki;Ramon;980;2002
Szacań;Onufry;979;2002
Hałajkiewicz;Wszerad;978;2002
Siedlanowski;Oktawiusz;977;2002
Doszczeszko;Edward;976;2002
Oszmianczuk;Budziwoj;975;2002
Kuznicow;Kastor;974;2002
Wysaków;Czesemir;973;2002
Hurtig;Wiktoriusz;972;2002
Krzyżanowicz;Częstomir;971;2002
Łapczański;Zbrosław;970;2002
Danrzołowska;Saul;969;2002
Kolondo;Symeon;968;2002
Bakst;Niedamir;967;2002
Dziemieniczuk;Czcirad;966;2002
Windykowska;Ksenofont;965;2002
Biały;Andrzej;964;2002
Bućma;Idzi;963;2002
Bordyjuk;Alf;962;2002
Włuszek;Floryn;961;2002
Charamać;Zdobysław;960;2002
Kancur;Zygfryd;959;2002
Bukłacka;Roman;958;2002
Kasprzył;Zacheusz;957;2002
Meglica;Gosław;956;2002
Mysielak;Prosper;955;2002
Undycz;Wojciech;954;2002
Błszczyk;Ostap;953;2002
Szwajger;Zefiryn;952;2002
Sulipka;Hadrian;951;2002
Grzomba;Barnabasz;950;2002
Kubiasik;Mariusz;949;2002
Bartłomiejczuk;Herakliusz;948;2002
Znowiński;Dan;947;2002
Jakułowska;Konstancjusz;946;2002
Helfener;Frumencjusz;945;2002
Chaluczyk;Rafał;944;2002
Lenzer;Pompejusz;943;2002
Morysow;Borzysław;942;2002
Alitojć;Wiesław;941;2002
Budaszewski;Alf;940;2002
Krzywosądzki;Niemir;939;2002
Mahułas;Roch;938;2002
Gruszko;Sulpicjusz;937;2002
Głosz;Święcimir;936;2002
Zgryszka;Flawiusz;935;2002
Linkowski;Witold;934;2002
Głoćko;Wolmar;933;2002
Brieswitz;Sofroniusz;932;2002
Czyczyn-Egierd;Lechosław;931;2002
Oksza-Klossi;Lutomir;930;2002
Gucfa;Sulpicjusz;929;2002
Nikliniewicz;Romuald;928;2002
Mylerska;Bożywoj;927;2002
Stolpa;Florentyn;926;2002
Wentlandt;Spycisław;925;2002
Gorklo;Cecyl;924;2002
Gradziewicz;Izaak;923;2002
Surfin;Walter;922;2002
Mokrzyca;Siemiodrog;921;2002
Stębnicki;Częstogniew;920;2002
Czuchrij;Pęcisław;919;2002
Dziergawica;Tyberiusz;918;2002
Ciepiełucha;Witołd;917;2002
Meluch;Fryderyk;916;2002
Marmulewski;Przedbor;915;2002
Stelke;Pankracy;914;2002
Trojańczyk;Zdzibor;913;2002
Bulcz;Porfirion;912;2002
Frolak;January;911;2002
Rott-Żebrowski;Pimen;910;2002
Skrawacz;Stanisław;909;2002
Ochniewski;Konstans;908;2002
Wójciarczyk;Barnaba;907;2002
Helemba;Honorat;906;2002
Laczmański;Ernest;905;2002
Konowalow;Ernest;904;2002
Carewicz;Stosław;903;2002
Skrabin;Dezyderiusz;902;2002
Wegienko;Artemon;901;2002
Ganocka;Klementyn;900;2002
Szełecho;Judasz;899;2002
Missok;Faust;898;2002
Mostawska;Rainer;897;2002
Lechforowicz;Radomił;896;2002
Onichmowska;Hugo;895;2002
Mazgay;Herman;894;2002
Podłoga;Rufin;893;2002
Sztkowski;Ernest;892;2002
Waleczna Nowakowska;Tyburcjusz;891;2002
Zięciak;Protazy;890;2002
Ellas;Toligniew;889;2002
Hertlich;Kanty;888;2002
Süssel;Kajetan;887;2002
Harantkiewicz;Witalis;886;2002
Nestioruk;Suliwoj;885;2002
Hemmig;Bolebor;884;2002
Mołolepszy;Roland;883;2002
Bornatowicz;Stronisław;882;2002
Kurlej;Ernestyn;881;2002
Krzyczek;Zbyszko;880;2002
Bandziarowski;Leonidas;879;2002
Biagała;Konradyn;878;2002
Retza;Erast;877;2002
Grędysz;Mironieg;876;2002
Gniarczyk;Floryn;875;2002
Szczawnicki;Olgierd;874;2002
Wypiejewski;Aleksander;873;2002
Ruhloff;Bertold;872;2002
Tyślerowicz;Justyn;871;2002
Rochala;Cezariusz;870;2002
Odrzańska;Budzisz;869;2002
Kurtzman;Kewin;868;2002
Diermanska;Anzelm;867;2002
Oświałdowski;Amedeusz;866;2002
Hojdis;Joel;865;2002
Gruź;Włodziwoj;864;2002
Moziarz;Stojsław;863;2002
Hefeman;Cyriak;862;2002
Hryceniów;Ryszard;861;2002
Świętek;Jan Nepomucen;860;2002
Uscimiak;Andonik;859;2002
Mikołajowski;Kondrad;858;2002
Poszka;Bogumił;857;2002
Sztulberg;Jan Kanty;856;2002
Izalak;Sierosław;855;2002
Grupa;Nepomucen;854;2002
Brataniewicz;Zbroimir;853;2002
Węcłowicz;Wawrzyn;852;2002
Frosik;Kalistrat;851;2002
Żebwicka;Pakosław;850;2002
Nussler;Roland;849;2002
Kubań;Włościsław;848;2002
Blida;Barabasz;847;2002
Biegelmaier;Wirginiusz;846;2002
Hinryk;Wendelin;845;2002
Fabor;Abel;844;2002
Sekieta;Cecyl;843;2002
Skrentni;Ludosław;842;2002
Witbrodt;Pankracy;841;2002
Ostrokólski;Skarbimir;840;2002
Sałak;Terencjusz;839;2002
Spech;Lutomysł;838;2002
Kopyściński;Sędziwoj;837;2002
Jendretzko;Leander;836;2002
Monicki;Chociemir;835;2002
Kaloczyńska;Maksymin;834;2002
Lizinkiewicz;Bogdan;833;2002
Cielejowska;Flawian;832;2002
Uniatowicz;Cieszybor;831;2002
Kecher;Werner;830;2002
Finzinska;Albrecht;829;2002
Ochinowski;Wirgiliusz;828;2002
Fedrau;Gotard;827;2002
Jerzuchowski;Witosław;826;2002
Pocik;Libert;825;2002
Piotruszkiewicz;Nicefor;824;2002
Szwaranowicz;Paschalis;823;2002
Salamończuk;Benicjusz;822;2002
Gałdusiński;Oktawiusz;821;2002
Pchayek;Toligniew;820;2002
Frąntczak;Zbyszko;819;2002
Ogorodowicz;Jacenty;818;2002
Franitza;Tworzysław;817;2002
Wachnia;Andron;816;2002
Loi;Świętosław;815;2002
Hadrylak;Witosław;814;2002
Gutakier;Iwo;813;2002
Witoszka;Wiaczesław;812;2002
Hercan;Radzimir;811;2002
Sauermann;Domasław;810;2002
Bohasiewicz;Auksencjusz;809;2002
Kasieńczar;Abraham;808;2002
Zaciewski;Albrecht;807;2002
Tolkejmyt;Roger;806;2002
Michelas;Sabin;805;2002
Płozińska;Borzysław;804;2002
Kuczmierczyk;Prosimir;803;2002
Efimienko;Chryzostom;802;2002
Zygrzerska;Felicysym;801;2002
Kawczugo;Florencjusz;800;2002
Siewczyk;Myślimir;799;2002
Depciuk;Tyburcjusz;798;2002
Tomski;Zdzisław;797;2002
Tietiajew;Grzymisław;796;2002
Stąpkowska;Boleczest;795;2002
Bajdos;Radosław;794;2002
Zakurzawska;Herkules;793;2002
Roskoszek;Imisław;792;2002
Burowiecki;Sulirad;791;2002
Plemigsdorf;Walenty;790;2002
Thiring;Radomił;789;2002
Żeliziak;Nicefor;788;2002
Paszyc;Leonidas;787;2002
Elaga;Apollo;786;2002
Matosjan;Nicefor;785;2002
Krzuszcz;Łucjan;784;2002
Wilkiński;Burchard;783;2002
Krężałowski;Porfirion;782;2002
Ladziak;Gotfryd;781;2002
Haraciuk;Mokij;780;2002
Bionias;Boromeusz;779;2002
Zborzeńska;Bazyliusz;778;2002
Paliński;Klet;777;2002
Hordyń;Bazyl;776;2002
Patel;Roland;775;2002
Fioder;Wolfgang;774;2002
Suchorab;Godzisław;773;2002
Wiglusz;Chwalimir;772;2002
Antypin;Orfeusz;771;2002
Ring;Łucjusz;770;2002
Dyakiewicz;Elizeusz;769;2002
Biełajew;Jacenty;768;2002
Belcha;Euchariusz;767;2002
Mathea;Eliasz;766;2002
Łuczczak;Świętopełk;765;2002
Badziąg;Dadąbog;764;2002
Radzymirski;Naczesław;763;2002
Bełżowski;Hilary;762;2002
Florentyna;Epifan;761;2002
Joanaszek;Sebastian;760;2002
Gomólka;Mściwój;759;2002
Kasporowiak;Częstobor;758;2002
Hatań;Waleriusz;757;2002
Szaróbko;Otomar;756;2002
Broworska;Masław;755;2002
Szkucko;Pantaleon;754;2002
Wollmann;Boromeusz;753;2002
Kowalerczak;Teobald;752;2002
Krentscher;Horacjusz;751;2002
Kłódkiewicz;Bartłomiej;750;2002
Lendzio;Melchior;749;2002
Kokkola;Benedykt;748;2002
Gruszke;Sobiesąd;747;2002
Zadubek;Emeryk;746;2002
Stryburski;Hugo;745;2002
Napoli;Marcel;744;2002
Jeziorecki;Sobiesąd;743;2002
Harkawy;Rajmund;742;2002
Kiemba;Kain;741;2002
Eterska;Lechosław;740;2002
Żabuska;Bonawentura;739;2002
Zborszczyk;Naczesław;738;2002
Klimosara;Zenobiusz;737;2002
Mordzakowski;Herkules;736;2002
Buchardt;Dziersław;735;2002
Strusiak;Godfryd;734;2002
Sanetowska;Dezyderiusz;733;2002
Kociatyn;Chryzant;732;2002
Pietrzela;Anzelm;731;2002
Czmilak;Arnold;730;2002
Sobjecka;Świętomir;729;2002
Pajunk;Goliat;728;2002
Traupman;Ścibor;727;2002
Kałemba;Ezdrasz;726;2002
Checkiewicz;Janusz;725;2002
Rozbicki;Alan;724;2002
Hammerstein;Emil;723;2002
Langford;Galezy;722;2002
Kurmatowska;Stojsław;721;2002
Wroniszewski;Winicjusz;720;2002
Mamyk;Adaukt;719;2002
Tucholka;Albaniusz;718;2002
Grzywacz-Zach;Donat;717;2002
Wisznarowska;Wiesław;716;2002
Rubinek;Jonasz;715;2002
Złotoś;Paramon;714;2002
Emerych;Melchior;713;2002
Basar;Jacenty;712;2002
Szpindowski;Werner;711;2002
Trypućko;Bazyl;710;2002
Irczewski;Aurelian;709;2002
Drożeńko;Domosław;708;2002
Czepło;Aleksander;707;2002
Murawel;Sozant;706;2002
Liliewicz;Morzysław;705;2002
Satustowicz;Tomisław;704;2002
Brejan;Dragomir;703;2002
Tarenć;Nadmir;702;2002
Ozębłowski;Faust;701;2002
Woźniczyszyn;Przybyrad;700;2002
Dziakała;Konstans;699;2002
Szpolorowski;Matron;698;2002
Grabociński;Ulryk;697;2002
Bargecz;Zbysław;696;2002
Czerwionke;Juliusz;695;2002
Mądroszewska;Ignacy;694;2002
Augutowicz;Rafał;693;2002
Strózikiewicz;Krzesisław;692;2002
Makaraś;Zbigniew;691;2002
Borwska;Wszebąd;690;2002
Stasiech;Samson;689;2002
Drobnicz;Jazon;688;2002
Gelszus;Wrócimir;687;2002
Latek;Epifan;686;2002
Chorenzińska;Strzeżymir;685;2002
Jasic;Feliks;684;2002
Domrzał;Józef;683;2002
Laskus;Sławosz;682;2002
Głowieńka;Dobromierz;681;2002
Krutkowski;Polikarp;680;2002
Guttmayer;Emeryk;679;2002
Machnic;Dan;678;2002
Omilandowski;Przybygniew;677;2002
Bobeło;Karolin;676;2002
Sidoruk Sidorski;Dominik;675;2002
Kuczajewski;Ronald;674;2002
Tuniakiewicz;Lesław;673;2002
Ćwieczyńska;Przecław;672;2002
Grónert;Damian;671;2002
Święc;Jacław;670;2002
Patriasz;Wawrzyniec;669;2002
Zapf;Aureli;668;2002
Stol;Sulimir;667;2002
Hódor;Bożysław;666;2002
Mardarowicz;Eliasz;665;2002
Zalicki;Gwalbert;664;2002
Kuzownik;Melchior;663;2002
Knaut;Wyszemir;662;2002
Wittbodt;Blizbor;661;2002
Stambulski;Gerwazy;660;2002
Homar;Donat;659;2002
Odonicz-Czarnecka;Kacper;658;2002
Temichniak;Jeremiasz;657;2002
Ściubeł;Mauryn;656;2002
Prowaźnik;Więcemir;655;2002
Wallmann;Nahum;654;2002
Bajgelmacher;Gościmir;653;2002
Daszeńska;Idzi;652;2002
Promowicz;Wyszomir;651;2002
Ciętuszewska;Dobromił;650;2002
Najser;Eulogiusz;649;2002
Rozelfeld;Arnolf;648;2002
Mielcarzewicz;Sulimir;647;2002
Bodyrka;Batszeba;646;2002
Karenek;Kir;645;2002
Rożenbajger;Sulirad;644;2002
Polimon;Damaris;643;2002
Tchórzelski;Wrzesław;642;2002
Gruchaczyk;Gerwazy;641;2002
Kiniew;Rajnold;640;2002
Wenzławski;Częstomir;639;2002
Fromholz;Justyn;638;2002
Knarciak;Igor;637;2002
Caś;Gaudencjusz;636;2002
Bioly;Dzierżymir;635;2002
Berestand;Mamert;634;2002
Nieworok;Doris;633;2002
Kamaś;Ruben;632;2002
Hołowit;Unimir;631;2002
Piś;Klemens;630;2002
Pisiakowski;Marcjal;629;2002
Szajsner;Wolmar;628;2002
Poświstajło;Gosław;627;2002
Kuferski;Otomar;626;2002
Lagerman;Gwalbert;625;2002
Tack;Trzebomysł;624;2002
Cichoński;Emilian;623;2002
Kobrela;Sierosław;622;2002
Fygan;Ludomir;621;2002
Sczepiński;Roger;620;2002
Ostap;Hermes;619;2002
Cybrańska;Dalegor;618;2002
Perio;Skarbimierz;617;2002
Goblewska;Przedpełk;616;2002
Ososko;Nadbor;615;2002
Panić;Sobiesąd;614;2002
Dembny;Zygfryd;613;2002
Gaduch;Amedeusz;612;2002
Zalicki;Tolisław;611;2002
Brydasz;Wodzisław;610;2002
Śnigoń;Adrian;609;2002
Bizukowicz;Wrócisław;608;2002
Celibała;Cyrus;607;2002
Parobiej;Niegosław;606;2002
Kawlas;Laurencjusz;605;2002
Maleda;Roderyk;604;2002
Petriw;Nosisław;603;2002
Kląb;Walenty;602;2002
Szulnis;Rut;601;2002
Mandzelowski;Jaczewoj;600;2002
Kupsch;Idzi;599;2002
Kuchno;Sulisław;598;2002
Ignorek;Nawoj;597;2002
Andrzjuk;Hieronim;596;2002
Spiąkowski;Krzysztof;595;2002
Jendorska;Rupert;594;2002
Rejmert;Mścisław;593;2002
Buchner;Felicjan;592;2002
Fadurska;Enoch;591;2002
Bogomaz;Abercjusz;590;2002
Kohlbrener;Bertram;589;2002
Grobelka;Tymoteusz;588;2002
Elkin;Hugon;587;2002
Dzianot;Strzeżymir;586;2002
Wytrykusz;Gall;585;2002
Cielos;Zbisław;584;2002
Bakirdzis;Adam;583;2002
Godymirski;Sławosz;582;2002
Ciecholiński;Wszerad;581;2002
Włodyszko;Świętobor;580;2002
Ozan;Lutomir;579;2002
Zembald;Malwin;578;2002
Ostańczuk;Hermes;577;2002
Bombalka;Wenancjusz;576;2002
Gienik;Izajasz;575;2002
Jardzińska;Longin;574;2002
Schidt;Martynian;573;2002
Indziński;Libert;572;2002
Volkman;Roger;571;2002
Skleniorz;Dzierżymir;570;2002
Ledwos;Franciszek;569;2002
Ziubruniewicz;Ulrych;568;2002
Olszek;Barnabasz;567;2002
Hawryk;Dobrowit;566;2002
Ladrański;Dobromir;565;2002
Ciechiński;Mojmir;564;2002
Rączkowski;Imisław;563;2002
Gabrielski;Machabeusz;562;2002
Druźna;Ludomił;561;2002
Snamina;Alojzy;560;2002
Gółek;Wszemił;559;2002
Barbiernik;Otomar;558;2002
Zborowski vel Zaborowski;Bożymierz;557;2002
Siruta;Jan;556;2002
Scick;Brunon;555;2002
Waszyczyńska;Fides;554;2002
Zurn;Leander;553;2002
Flizinger;Lilian;552;2002
Galaszka;Zacheusz;551;2002
Glówczewska;Polikarp;550;2002
Gocejna;Konstancjusz;549;2002
Kubawski;Dominik;548;2002
Spiel;Chociesław;547;2002
Zabroszczyk;Protazy;546;2002
Cupryjak;Dobromysł;545;2002
Mandelko;Radogost;544;2002
Łamierz;Liboriusz;543;2002
Myślewicz;Imisław;542;2002
Dwornikowski;Szczęsny;541;2002
Rysz;Euzebiusz;540;2002
Gęsinowska;Cyriak;539;2002
Kotra;Auksencjusz;538;2002
Menca;Kanizjusz;537;2002
Stukalski;Chrystian;536;2002
Omelaniek;Czcisław;535;2002
Polesiewicz;Miromir;534;2002
Pankors;Radowit;533;2002
Repanowicz;Godfryd;532;2002
Chib;Ireneusz;531;2002
Weihonig;Tomasz;530;2002
Czarnomorec;Achacy;529;2002
Szywielewski;Wrzesław;528;2002
Zetocha;Anzelm;527;2002
Strzymiński;Grzymisław;526;2002
Piedziuszewicz;Charyzjusz;525;2002
Łokciewicz;Łukasz;524;2002
Grzebulus;Konradyn;523;2002
Mikułan;Trzebowit;522;2002
Dumnin;Mścibor;521;2002
Włodawiec;Wiesław;520;2002
Gołpys;Wespazjan;519;2002
Deryngowski;Liberat;518;2002
Pomsta;Wszemir;517;2002
Ehmka;Walter;516;2002
Żrółka;Urlyk;515;2002
Kakasulis;Ubald;514;2002
Bierkenmayer;Ciechomir;513;2002
Modejczak;Liwiusz;512;2002
Faszczyńska;Bogurad;511;2002
Krocienko;Wyszomir;510;2002
Romuk-Wodoracki;Medard;509;2002
Nenow;Sawin;508;2002
Dłubek;Józefat;507;2002
Leciewicz;Fides;506;2002
Zagałow;Agaton;505;2002
Derlikiewicz;Przemił;504;2002
Gadańska;Cyriak;503;2002
Marciach;Maciej;502;2002
Dukuzianis;Więcemir;501;2002
Kissel;Damaris;500;2002
Fiszczek;Wolimir;499;2002
Pellon;Symplicjusz;498;2002
Żakota;Damaris;497;2002
Seklecik;Erhard;496;2002
Marawski;Ariel;495;2002
Kutańska;Chryzant;494;2002
Pietrusz;Jan Chryzostom;493;2002
Szarpanowski;Zdzibor;492;2002
Blaszkiw;Tomisław;491;2002
Brandecki;Telesfor;490;2002
Drańczyk;Bolebor;489;2002
Swiętkowski;Szczęsny;488;2002
Folgman;Bogusław;487;2002
Sekundziak;Zdzisław;486;2002
Wenglerski;Gniewomir;485;2002
Zazibut;Erast;484;2002
Malowaniec;Salwator;483;2002
Chidziński;Bjorn;482;2002
Lars;Mściwój;481;2002
Pajduszewski;Jazon;480;2002
Pachnicki;Zygfryd;479;2002
Chrabin;Cieszymysł;478;2002
Wrzerszczak;Kajetan;477;2002
Miszal;Olech;476;2002
Ceroga;Borzywoj;475;2002
Piewniok;Arkady;474;2002
Kaworska;Chwalimir;473;2002
Frach;Dobromir;472;2002
Byłen;Sulimir;471;2002
Słowin;Goliat;470;2002
Horder;Pankracy;469;2002
Grundtner;Erazm;468;2002
Beinacek;Dobrociech;467;2002
Bielenny;Andron;466;2002
Skraho;Borzysław;465;2002
Każnik;Naczesław;464;2002
Ziekińska;Kleofas;463;2002
Mużyk;Edward;462;2002
Michórski;Dobiemir;461;2002
Wunsik;Lesław;460;2002
Arbuziński;Serwacy;459;2002
Gneba;Franciszek;458;2002
Kryworodko;Przemysł;457;2002
Burka;Damian;456;2002
Mencfelt;Niecisław;455;2002
Marzenowski;Szczepan;454;2002
Smejkal;Gerhard;453;2002
Stryek;Trzebomysł;452;2002
Macala;Tycjan;451;2002
Kabaszyński;Czechasz;450;2002
Prochorów;Pakosz;449;2002
Wronarska;Rodryg;448;2002
Tastarczyk;Sobiesław;447;2002
Ditamby;Zenobiusz;446;2002
Makosz;Stojmir;445;2002
Dobrysiewicz;Remigiusz;444;2002
Strelan;Lambert;443;2002
Ślina;Spirydion;442;2002
Szymażska;Ziemowit;441;2002
Trupacz;Żelisław;440;2002
Kuralewicz;Antonin;439;2002
Ustrobiński;Erwin;438;2002
Rałwał;Mojżesz;437;2002
Siwarski;Kajetan;436;2002
Córka;Donald;435;2002
Sztyl;Reinhold;434;2002
Semadeni;Sławosz;433;2002
Klamczańska;Ostap;432;2002
Zgórzak;Angel;431;2002
Rzerzicha;Sławoj;430;2002
Podlipski;Kamil;429;2002
Ścierczyk;Martyn;428;2002
Rzepeluk;Sieciech;427;2002
Moderak;Nikanor;426;2002
Skazybot;Świętomir;425;2002
Michniadowicz;Ludosław;424;2002
Iwen;Stronisław;423;2002
Anasz;Cecylian;422;2002
Bortyżel;Dymitr;421;2002
Zieziolo;Ciechosław;420;2002
Zamarja;Frumencjusz;419;2002
Babuń;Lilian;418;2002
Garzoł;Goar;417;2002
Czechoski;Benedykt;416;2002
Kasperczak;Zefiryn;415;2002
Schejda;Wacław;414;2002
Marszeniuk;Herakles;413;2002
Krysztowiak;Gaweł;412;2002
Gancik;Masław;411;2002
Stomporowski;Uriasz;410;2002
Kirchacz;Dzierżykraj;409;2002
Zyjko;Bożysław;408;2002
Szajczar;Duszan;407;2002
Gączarek;Łucjusz;406;2002
Pirzowicz;Igor;405;2002
Dębe;Norbert;404;2002
Lniski;Martyn;403;2002
Manchiewicz;Iwan;402;2002
Kouber;Siestrzemił;401;2002
Krajnyk;Racimir;400;2002
Mołczyński;Gościwit;399;2002
Skoszkiewicz;Trzebowit;398;2002
Cwioro;Zdobysław;397;2002
Krzemińźniak;Saul;396;2002
Mosijaka;Fides;395;2002
Toss;Konstantyn;394;2002
Milczarczyk-Piwowarczyk;Marceli;393;2002
Taszler;Tęgomir;392;2002
Kozolup;Gaudenty;391;2002
Skaura;Rufin;390;2002
Sakowicz;Norbert;389;2002
Jóńczyk;Jaropełk;388;2002
Bożega;Przybyczest;387;2002
Erwin;Alan;386;2002
Koniewicz;Strzeżysław;385;2002
Wójcak;Nikanor;384;2002
Kosubiński;Cieszybor;383;2002
Sielawo;Protazy;382;2002
Bułdyka;Pękosław;381;2002
Głowaca;Kondrat;380;2002
Burdak;Izajasz;379;2002
Rudeńko;Prot;378;2002
Blautt;Żyrosław;377;2002
Worna;Delfin;376;2002
Bułhakow;Adrian;375;2002
Buzat;Liboriusz;374;2002
Botarska;Ananiasz;373;2002
Tatol;Miłosz;372;2002
Szenkowski;Edwin;371;2002
Deness;Maksymin;370;2002
Zegartowski;Cezariusz;369;2002
Goroszczuk;Gerald;368;2002
Korona;Stojgniew;367;2002
Serwaczak;Mojmir;366;2002
Płucienniaczek;Dobrowiest;365;2002
Schwefel;Fabrycjan;364;2002
Wybadowska;Lucjol;363;2002
Andriszkowska;Spycimir;362;2002
Peterschein;Donat;361;2002
Nardulli;Ruprecht;360;2002
Dzięgiel;Sądosław;359;2002
Koleźniecka;Wasyl;358;2002
Nesimko;Zbisław;357;2002
Czerda;Dobrowój;356;2002
Czerchoniak;Wilibald;355;2002
Chrokiewicz;Liwiusz;354;2002
Trytt;Kajus;353;2002
Machlla;Gajusz;352;2002
Rudzejczyk;Tomir;351;2002
Wszełeczko;Herman;350;2002
Lyszczyk;Gabriel;349;2002
Wajda Chłopicki;Sądomir;348;2002
Szutko;Brykcjusz;347;2002
Folcholc;Protazy;346;2002
Astra;Radomir;345;2002
Kiejak;Miligost;344;2002
Westman;Korneliusz;343;2002
Arański;Radzimir;342;2002
Holisa;Salwin;341;2002
Świgoń;Bogusąd;340;2002
Jendges;Ewald;339;2002
Pityk;Gracjan;338;2002
Getko;Natan;337;2002
Daszewicz;Placyd;336;2002
Starszek;Lubomir;335;2002
Specyalski;Jeron;334;2002
Zysdorf;Sieciech;333;2002
Drzaźdzyński;Długosz;332;2002
Dasta;Walentyn;331;2002
Goguska;Hilary;330;2002
Mietlarek;Bolebor;329;2002
Nebesna;Wisław;328;2002
Rożałów;Marian;327;2002
Korostyl;Fabian;326;2002
Jaroszczuk;Niecisław;325;2002
Wołotkowicz;Bonawentura;324;2002
Wołyncewicz;Franciszek Salezy;323;2002
Siajko;Joel;322;2002
Groleń;Ninomysł;321;2002
Ochenduszko;Agenor;320;2002
Paterała;Lew;319;2002
Zabuch;Rafał;318;2002
Gigielis;Nawoj;317;2002
Ryding;Noemi;316;2002
Pobihuszczyj;Chrystian;315;2002
Nikola;Pakosz;314;2002
Taczyn;Szczęsny;313;2002
Pstój;Więcerad;312;2002
Bigolas;Szczepan;311;2002
Niedźwiedzki;Alfred;310;2002
Połaczyniec;Sambor;309;2002
Podłużewicz;Gniewomir;308;2002
Kantorek;Damian;307;2002
Kaliszyn;Włodziwoj;306;2002
Kilimnik;Władysław;305;2002
Modrakiewicz;Aureliusz;304;2002
Anyperowicz;Racibor;303;2002
Wilkanowicz;Grzymisław;302;2002
Małła;Bazyliusz;301;2002
Poszlińska;Szczepan;300;2002
Dżereń;Ferdynand;299;2002
Trembowicz;Mieczysław;298;2002
Omarski;Floryn;297;2002
Sewiała;Brunon;296;2002
Krużyński;Kalasanty;295;2002
Berer;Beniamin;294;2002
Zarębiec;Dorian;293;2002
Klejngetner;Przemysł;292;2002
Dzingiel;Imisław;291;2002
Ostopieńska;Bertold;290;2002
Buchbinder-Press;Wielisław;289;2002
Brunon;Heliasz;288;2002
Kudraszów;Eliasz;287;2002
Dybiżbański;Czechasz;286;2002
Pucztarski;Więcemił;285;2002
Kośbiał;Zbigniew;284;2002
Iżak;Twardosław;283;2002
Machlak;Paulin;282;2002
Buraczewski;Borysław;281;2002
Wrycza;Teodozjusz;280;2002
Kięmpa;Przybyrad;279;2002
Mernioz;Delfin;278;2002
Kuśmidrowicz;Tezeusz;277;2002
Pohland;Lubor;276;2002
Targasiński;Norman;275;2002
Galberz;Ozeasz;274;2002
Bećka;Otomar;273;2002
Gardell;Eliasz;272;2002
Gdolewski;Radowit;271;2002
Samerajczuk;Tymon;270;2002
Hamerowski;Dan;269;2002
Szczurzewski;Otomar;268;2002
Szczerpa;Beatryks;267;2002
Elszleger;Wodzisław;266;2002
Horbut;Wisław;265;2002
Zbida;Aleksander;264;2002
Waślewski;Ruprecht;263;2002
Hofeszer;Marceli;262;2002
Ossojski;Sławomir;261;2002
Dyniszak;Waleriusz;260;2002
Strygo;Berno;259;2002
Tettling;Arnolf;258;2002
Pukrowiec;Budzisław;257;2002
Forenholc;Ezechiel;256;2002
Strzynecka;Noe;255;2002
Karwasiecki;Prochor;254;2002
Wadłowska;Odyseusz;253;2002
Reżyk;Probus;252;2002
Rodacz;Niegosław;251;2002
Ofiara;Agaton;250;2002
Gawkielewicz;Radomił;249;2002
Olszowiec;Atanazy;248;2002
Kumurkiewicz;Długosz;247;2002
Cierznicki;Suliwoj;246;2002
Dzierzypolski;Nahum;245;2002
Szepiłło;Cieszybor;244;2002
Dubianik;Godzisław;243;2002
Kwięczka;Dacjan;242;2002
Tarnicki;Gabriel;241;2002
Zodrow;Kanut;240;2002
Wełnogórski;Dobromysł;239;2002
Łosz;Ciechomir;238;2002
Bocheń;Marcin;237;2002
Rozłach;Hermes;236;2002
Paces;Wilhelm;235;2002
Krzuszkowska;Klet;234;2002
Matiaczewska;Priam;233;2002
Gryżbon;Gerwazy;232;2002
Stawowy;Domarat;231;2002
Brama;Jarosław;230;2002
Kornilczyk;Hiacynt;229;2002
Dąb;Rafael;228;2002
Nowarowicz;Jacław;227;2002
Gierewicz;Judasz;226;2002
Pijowska;Dorian;225;2002
Wastowicz;Bolebor;224;2002
Błoguszewska;Odo;223;2002
Miecek;Kornel;222;2002
Miż;Radomił;221;2002
Staszak;Prokop;220;2002
Wrzerszczak;Drogomił;219;2002
Antek;Cibor;218;2002
Kruc;Cecyliusz;217;2002
Polankowski;Kain;216;2002
Brandszteter;Jozue;215;2002
Przewdziętkowska;Nawoj;214;2002
Wielgorski;Bogdan;213;2002
Brywak;Prosper;212;2002
Cieborska;Abdon;211;2002
Buchstein;Mojżesz;210;2002
Pallus;Drogomir;209;2002
Wojtowik;Cecyl;208;2002
Wystrych;Prosper;207;2002
Zidorowska;Horacjusz;206;2002
Mich;Miłosław;205;2002
Welanec;Jozafat;204;2002
Rulewski;Emeryk;203;2002
Bimmler;Gwalbert;202;2002
Kussak;Dymitriusz;201;2002
Hikrysz;Olech;200;2002
Porankiewicz;Mateusz;199;2002
Machler;Władysław;198;2002
Knolik;Nahum;197;2002
Siedmiolat;Matron;196;2002
Karmon;Kasjan;195;2002
Kafrańska;Salwin;194;2002
Waleski;Bertram;193;2002
Dondar;Kalasanty;192;2002
Mikonowicz;Skarbimierz;191;2002
Gienda;Suliwoj;190;2002
Proskiń;Siestrzewit;189;2002
Szymankowicz;Rygobert;188;2002
Donajko;Błażej;187;2002
Dzwigulski;Jeron;186;2002
Pozdryga;Witomir;185;2002
Czmok;Chwalibóg;184;2002
Stadzik;Ruprecht;183;2002
Stroczan;Klement;182;2002
Delegarda;Ludomił;181;2002
Lelej;Dezyderiusz;180;2002
Wcisły vel Wciślek;Gotard;179;2002
Pietreniuk;Eudoksjusz;178;2002
Chwiędacz;Orestes;177;2002
Czeremcha;Kordian;176;2002
Hrapkiewicz;Augustyn;175;2002
Egrowski;Dersław;174;2002
Nowobielski;Sofroniusz;173;2002
Buka;Siestrzewit;172;2002
Nagulin;Blandyn;171;2002
Replewicz;Albaniusz;170;2002
Pchełko;Włodzimir;169;2002
Maskuliński;Liwiusz;168;2002
Helmińska;Jan;167;2002
Łaśkarzewska;Albert;166;2002
Skalniar;Oliwier;165;2002
Skubirza;Aleksy;164;2002
Generalczyk;Arkadiusz;163;2002
Ulowski;Martyn;162;2002
Kaźnierczyk;Lubomysł;161;2002
Kamliński;Zbigniew;160;2002
Mikułaniec;Dzierżykraj;159;2002
Kub;Gracjan;158;2002
Zymoń;Sulirad;157;2002
Esmąt;Sławosz;156;2002
Pręndota;Libert;155;2002
Czuksanów;Terencjusz;154;2002
Dydacki;Czcirad;153;2002
Tłustochowski;Melchior;152;2002
Milast;Metody;151;2002
Mżywa;Lutobor;150;2002
Zazulak;Pankracy;149;2002
Dębinski;Dobiemir;148;2002
Sztybór;Alojzy;147;2002
Humieniuk;Epifaniusz;146;2002
Bikieta;Strzeżysław;145;2002
Dotterweich;Dobrogost;144;2002
Tekarski;Prudencjusz;143;2002
Lar;Leonidas;142;2002
Grondczak;Sulimierz;141;2002
Trzusło;Będzisław;140;2002
Chenkowska;Lewin;139;2002
Strończek;Racimir;138;2002
Bertasik;Gabin;137;2002
Kucuer;Izydor;136;2002
Kawsiborska;Abdiasz;135;2002
Konwałek;Oliwier;134;2002
Profos;Gościrad;133;2002
Dreszcz;Winicjusz;132;2002
Maciątek;Cecylian;131;2002
Mąkasa;Bazyli;130;2002
Smarszcz;Ali;129;2002
Czyżbok;Malkolm;128;2002
Tośnik;Czcirad;127;2002
Ładko;Metody;126;2002
Pil;Epifani;125;2002
Tatyrza;Symeon;124;2002
Gnupek;Miłosław;123;2002
Helwicz;Jan Nepomucen;122;2002
Ortynowicz;Tęgomir;121;2002
Bukian;Baltazar;120;2002
Jarpułkiewicz;Platon;119;2002
Korandis;Amos;118;2002
Chłopocki;Przesław;117;2002
Podmiecka;Dzierżymir;116;2002
Gembiał;Beatryks;115;2002
Gadaniec;Karolin;114;2002
Wichnara;Niedamir;113;2002
Zaglewicz;Kanizjusz;112;2002
Mazalik;Chrystian;111;2002
Badurski;Rafael;110;2002
Strachiel;Witołd;109;2002
Farmulicki;Norman;108;2002
Planty;Amos;107;2002
Josten;Myślimir;106;2002
Otępa;Gilbert;105;2002
Dobiejewski;Kurt;104;2002
Drezdowska;Kanty;103;2002
Koszlega;Boguchwał;102;2002
Wierzeszcz;Bertold;101;2002
Chytra;Alan;100;2002
Zederowski;Czcirad;99;2002
Drikier;Święcimir;98;2002
Szymainda;Klet;97;2002
Werszler;Wojbor;96;2002
Trąś;Sylwin;95;2002
Wancorska;Marcjal;94;2002
Baronin;Nicefor;93;2002
Sajar;Bazyl;92;2002
Bursak;Taras;91;2002
Rangotis;Miromir;90;2002
Markizański;Symplicjusz;89;2002
Semeńko;Klemens;88;2002
Kostylewska;Balcer;87;2002
Widelak;Cecyl;86;2002
Tambur;Arnold;85;2002
Hindera;Innocenty;84;2002
Wiśniarski;Szczęsny;83;2002
Kordonek;Ninogniew;82;2002
Gurgaś;Noe;81;2002
Opocki;Jordan;80;2002
Bartlic;Odil;79;2002
Pitruchowska;Dionizy;78;2002
Parzęczka;Herbert;77;2002
Prowzner;Trzebomysł;76;2002
Fleczyński;Dobromir;75;2002
Siwakow;Łukasz;74;2002
Kożecki;Liberat;73;2002
Mitrofan;Wieńczysław;72;2002
Skalbania;Pakosław;71;2002
Siwirikow;Eustachy;70;2002
Zepowicz;Janusz;69;2002
Drozdowski;Doris;68;2002
Zawak;Alpinian;67;2002
Dżwiarek;Norman;66;2002
Patloch;Ruben;65;2002
Smolaga;Jarogniew;64;2002
Strebek;Engelbert;63;2002
Sollorz;Roger;62;2002
Jagnieziak;Emanuel;61;2002
Ślimak;Eustachiusz;60;2002
Gorbaszewicz vel Gabrylewicz;Więczysław;59;2002
Czudaj;Herakliusz;58;2002
Zdechowska;Rościsław;57;2002
Koziowska;Bożymierz;56;2002
Kadisiak;Godfryd;55;2002
Cyz;Herman;54;2002
Kolowca;Asteriusz;53;2002
Truner;Julian;52;2002
Foley;Egbert;51;2002
Bajma;Dobiegniew;50;2002
Dydow;Czech;49;2002
Wocławski;Lutobor;48;2002
Rolirad;Ariel;47;2002
Inklut;Aureli;46;2002
Malichniewicz;Częstowoj;45;2002
Imioł;Witosław;44;2002
Mąkicz;Szymon;43;2002
Gemirska;Skarbimierz;42;2002
Dendesz;Tymon;41;2002
Gomólka;Saturnin;40;2002
Grandyś;Masław;39;2002
Kuryciorz;Dobrosław;38;2002
Kubać;Marek;37;2002
Pechnyk;Fabrycjan;36;2002
Dierzęcki;Jacenty;35;2002
Krzysczyk;Sobiesąd;34;2002
Przedcieczyński;Budzimir;33;2002
Czarnecki vel Babicki;Edmund;32;2002
Harsimowicz;Erast;31;2002
Mikulczyński;Domawit;30;2002
Dróździewicz;Noe;29;2002
Purszel;Pimen;28;2002
Benś;Marcin;27;2002
Rajwerska;Imisław;26;2002
Akoliński;Dobrociech;25;2002
Barnyś;Ulrych;24;2002
Chareński;Andron;23;2002
Skomioł;Saul;22;2002
Lischetzka;Hegezyp;21;2002
Garaczy;Zbyszko;20;2002
Tynelt;Jordan;19;2002
Krus;Chociemir;18;2002
Sobasiński;Kondrad;17;2002
Brodemer;Sofroniusz;16;2002
Bikas;Platon;15;2002
Pugiel;Barabasz;14;2002
Ilinczonek;Tycjan;13;2002
Nichthauser;Sławobor;12;2002
Stukuś;Apoloniusz;11;2002
Bujwicki;Sylwin;10;2002
Kokurowski;Kirył;9;2002
Spreżak;Mirogniew;8;2002
Librońska;Pimen;7;2002
Dołubeczko;Domarat;6;2002
Herdliczko;Cieszysław;5;2002
Macionżek;Zbylut;4;2002
Namurawna;Cecyliusz;3;2002
Kazaniszyn;Pafnucy;2;2002
Świstulski;Ciechosław;1;2002
